Team1Win,Team1AvgChampionWR,Team1AvgPlayerChampionWR,Team1AvgRecentWR,Team1AvgChampionPickFrequency,Team1AvgRelativeRanking,Team2AvgChampionWR,Team2AvgPlayerChampionWR,Team2AvgRecentWR,Team2AvgChampionPickFrequency,Team2AvgRelativeRanking
TRUE,50.204,0.7783333333333333,0.8,0.14666666666666667,3.8,49.21,0.5323076923076923,0.8,0.18666666666666668,5.2
FALSE,48.67400000000001,0.29333333333333333,0.8,0.14666666666666667,4.2,50.272000000000006,0.6933333333333332,0.8,0.2666666666666667,4.8
FALSE,50.102,0.49333333333333335,1.0,0.17333333333333334,3.4,49.774,0.6183150183150183,0.6,0.12,5.6
FALSE,49.428,0.58,0.8,0.17333333333333334,4.2,49.471999999999994,0.5799999999999998,1.0,0.17333333333333334,4.8
FALSE,50.160000000000004,0.7066666666666667,1.0,0.16,4.2,52.282000000000004,0.6711111111111111,1.0,0.18666666666666668,4.8
FALSE,48.78,0.4033333333333333,0.6,0.06666666666666667,5.8,51.096,0.4684615384615384,0.8,0.09333333333333334,3.2
TRUE,49.806000000000004,0.6533333333333333,0.6,0.2533333333333333,5.4,49.888,0.6633333333333333,0.8,0.3333333333333333,3.6
FALSE,50.998000000000005,0.18,0.8,0.09333333333333334,4.0,49.46,0.7733333333333332,0.8,0.10666666666666666,5.0
TRUE,48.72800000000001,0.72,0.6,0.06666666666666668,3.6,49.47599999999999,0.4,0.8,0.16,3.4
FALSE,52.234,0.5313131313131313,1.0,0.36,5.8,50.266000000000005,0.5848351648351648,1.0,0.10666666666666666,3.2
TRUE,51.815999999999995,0.6,0.6,0.10666666666666666,5.2,49.256,0.18666666666666668,0.8,0.14666666666666667,3.8
TRUE,50.67200000000001,0.5242857142857142,0.8,0.21333333333333332,5.0,52.620000000000005,0.5278632478632479,0.8,0.2533333333333333,4.0
TRUE,50.230000000000004,0.5466666666666666,0.4,0.09333333333333334,4.4,50.269999999999996,0.5566666666666666,0.6,0.12,4.6
FALSE,49.65,0.31333333333333335,0.4,0.04,3.4,48.926,0.5666666666666667,0.4,0.06666666666666668,5.6
TRUE,50.476,0.5042424242424243,1.0,0.27999999999999997,4.0,50.138,0.24,0.4,0.026666666666666665,5.0
FALSE,49.38000000000001,0.3366666666666666,0.8,0.2,5.4,50.144000000000005,0.7995238095238095,0.8,0.2,3.6
TRUE,48.67,0.6133333333333333,0.8,0.24,3.2,50.86999999999999,0.56,1.0,0.24,5.8
TRUE,51.041999999999994,0.6666666666666666,0.8,0.18666666666666668,4.4,50.56,0.7511111111111111,1.0,0.24,4.6
FALSE,48.45,0.2666666666666667,1.0,0.06666666666666667,3.2,51.342000000000006,0.5809523809523809,0.4,0.04,5.8
TRUE,49.926,0.8400000000000001,0.8,0.14666666666666667,5.0,49.790000000000006,0.48,1.0,0.26666666666666666,4.0
FALSE,52.75,0.5533333333333333,0.6,0.16,5.2,49.168,0.4666666666666667,1.0,0.32,3.8
TRUE,50.036,0.64,1.0,0.36,6.0,49.154,0.48285714285714293,0.6,0.1733333333333333,3.0
TRUE,50.906,0.6284615384615384,1.0,0.2533333333333333,3.0,50.519999999999996,0.51,1.0,0.22666666666666666,6.0
FALSE,49.315999999999995,0.4864102564102565,0.8,0.14666666666666667,4.4,51.42199999999999,0.5666666666666667,0.8,0.27999999999999997,4.6
TRUE,50.422,0.5599999999999999,1.0,0.14666666666666667,4.6,49.866,0.48,1.0,0.30666666666666664,4.4
TRUE,50.752,0.460952380952381,0.8,0.3466666666666667,4.2,50.784000000000006,0.35,1.0,0.17333333333333334,4.8
TRUE,49.99799999999999,0.5938461538461539,1.0,0.22666666666666666,3.4,50.242000000000004,0.5599999999999999,0.8,0.27999999999999997,5.6
FALSE,49.056,0.52,0.8,0.2,3.4,51.414,0.711111111111111,0.4,0.13333333333333336,5.6
FALSE,49.426,0.5066666666666667,0.8,0.2533333333333333,3.8,49.53000000000001,0.6666666666666666,0.6,0.09333333333333334,5.2
FALSE,49.38,0.5133333333333333,1.0,0.29333333333333333,4.6,49.292,0.7266666666666667,0.4,0.15999999999999998,4.4
TRUE,50.11999999999999,0.6104761904761904,1.0,0.12,3.4,50.965999999999994,0.18666666666666668,0.8,0.22666666666666666,5.6
FALSE,49.224000000000004,0.6297435897435897,0.8,0.16,4.8,50.494,0.6166666666666666,1.0,0.13333333333333333,4.2
FALSE,50.176,0.7133333333333333,0.8,0.2533333333333333,2.4,51.705999999999996,0.540952380952381,0.6,0.12,6.6
TRUE,48.995999999999995,0.6133333333333333,0.8,0.4133333333333333,4.6,48.20400000000001,0.6533333333333332,1.0,0.29333333333333333,4.4
FALSE,48.96999999999999,0.6866666666666666,0.8,0.15999999999999998,4.6,51.40599999999999,0.5733333333333333,1.0,0.24000000000000005,4.4
FALSE,49.042,0.40476190476190477,1.0,0.28,5.6,51.748000000000005,0.29999999999999993,0.8,0.12000000000000002,3.4
TRUE,50.620000000000005,0.4866666666666667,0.8,0.13333333333333333,3.8,51.001999999999995,0.3466666666666666,1.0,0.24,5.2
FALSE,49.486,0.5866666666666667,0.8,0.31999999999999995,4.6,50.392,0.2733333333333333,0.8,0.06666666666666667,4.4
FALSE,49.202,0.37,0.8,0.13333333333333336,2.4,50.686,0.4,1.0,0.3333333333333333,4.6
TRUE,51.391999999999996,0.6533333333333333,0.8,0.24000000000000005,5.2,51.44199999999999,0.41833333333333333,0.8,0.06666666666666667,3.8
FALSE,48.873999999999995,0.58,0.6,0.24,5.4,49.842,0.6,0.6,0.10666666666666666,3.6
TRUE,50.762,0.5916666666666666,0.8,0.06666666666666667,5.4,50.022000000000006,0.48666666666666664,0.8,0.2,3.6
TRUE,48.786,0.675,0.4,0.04,4.0,48.662,0.6866666666666668,1.0,0.14666666666666667,3.0
TRUE,49.934000000000005,0.6166666666666667,0.6,0.04,4.0,49.94199999999999,0.37333333333333335,0.8,0.15999999999999998,5.0
FALSE,51.82000000000001,0.40512820512820513,1.0,0.14666666666666667,3.8,51.034000000000006,0.48,0.8,0.27999999999999997,5.2
FALSE,48.324000000000005,0.72,0.4,0.06666666666666667,4.6,50.86800000000001,0.5700000000000001,0.8,0.15999999999999998,4.4
TRUE,49.808,0.43999999999999995,1.0,0.12,5.6,51.676,0.17333333333333334,0.8,0.18666666666666668,3.4
TRUE,50.59400000000001,0.8333333333333333,0.6,0.13333333333333333,4.6,50.480000000000004,0.48,0.8,0.06666666666666667,4.4
FALSE,50.372,0.4533333333333333,0.8,0.08,3.0,47.684,0.5866666666666667,1.0,0.15999999999999998,6.0
FALSE,49.836,0.5533333333333333,0.6,0.05333333333333333,4.2,49.605999999999995,0.76,0.8,0.15999999999999998,4.8
TRUE,51.158,0.6666666666666667,0.8,0.21333333333333332,3.8,49.964,0.44666666666666666,0.8,0.05333333333333333,5.2
TRUE,48.906,0.6266666666666667,1.0,0.13333333333333333,4.2,49.632,0.42666666666666664,0.6,0.09333333333333332,4.8
FALSE,51.262,0.36,0.6,0.12,3.8,49.562,0.7138095238095238,1.0,0.18666666666666668,5.2
FALSE,49.08,0.5866666666666667,0.8,0.16,5.0,49.565999999999995,0.5152380952380952,0.8,0.2533333333333333,4.0
FALSE,49.758,0.33999999999999997,0.8,0.10666666666666666,6.2,51.094,0.8800000000000001,0.6,0.19999999999999998,2.8
FALSE,48.56,0.731111111111111,0.8,0.16,3.6,50.77,0.6066666666666667,0.6,0.06666666666666667,5.4
TRUE,51.94199999999999,0.8780952380952382,0.8,0.16,5.2,51.55800000000001,0.6233333333333333,1.0,0.22666666666666666,3.8
FALSE,49.732,0.5,0.6,0.18666666666666668,5.2,48.128,0.4609523809523809,0.4,0.05333333333333333,3.8
TRUE,49.501999999999995,0.6087912087912087,1.0,0.09333333333333332,4.0,50.112,0.6749206349206348,0.8,0.12,5.0
TRUE,50.65,0.6933333333333334,1.0,0.2533333333333333,4.6,49.916000000000004,0.6914285714285714,0.8,0.06666666666666667,4.4
TRUE,50.906,0.5133333333333333,0.6,0.18666666666666668,3.8,50.522,0.3333333333333333,0.8,0.17333333333333334,5.2
FALSE,49.95,0.573939393939394,0.8,0.22666666666666666,4.4,48.59,0.42000000000000004,0.6,0.14666666666666667,4.6
TRUE,50.754,0.533030303030303,0.8,0.09333333333333334,3.8,49.072,0.5777777777777777,1.0,0.12,5.2
FALSE,49.054,0.64,1.0,0.17333333333333334,5.2,50.422000000000004,0.64,0.8,0.06666666666666667,3.8
TRUE,49.194,0.7066666666666667,0.4,0.06666666666666667,3.8,51.39200000000001,0.3942857142857143,1.0,0.10666666666666669,5.2
TRUE,49.16799999999999,0.44333333333333336,0.4,0.06666666666666667,5.2,49.553999999999995,0.34833333333333333,0.8,0.30666666666666664,3.8
FALSE,50.284000000000006,0.5077777777777778,1.0,0.16,2.8,52.025999999999996,0.72,0.6,0.13333333333333333,6.2
FALSE,52.372,0.30666666666666664,1.0,0.2,4.6,48.814,0.4993939393939394,1.0,0.16,4.4
TRUE,50.694,0.6666666666666666,0.8,0.14666666666666667,3.6,48.693999999999996,0.31333333333333335,0.4,0.09333333333333334,5.4
TRUE,48.414,0.7256410256410256,0.6,0.08,3.2,49.79600000000001,0.32,0.4,0.07999999999999999,2.0
FALSE,51.178000000000004,0.5533333333333333,0.6,0.09333333333333334,4.2,51.258,0.7133333333333333,1.0,0.2,4.8
TRUE,50.564,0.43999999999999995,0.4,0.09333333333333334,5.6,46.763999999999996,0.3,0.8,0.21333333333333332,3.4
TRUE,50.864,0.552117882117882,0.6,0.12,4.4,50.956,0.5666666666666667,0.8,0.18666666666666668,4.6
TRUE,49.66,0.74,0.8,0.21333333333333332,2.0,48.513999999999996,0.3933333333333333,0.8,0.29333333333333333,7.0
FALSE,51.212,0.3,0.8,0.13333333333333333,3.2,51.262,0.3333333333333333,0.6,0.12,5.8
TRUE,51.004000000000005,0.32,0.6,0.2,4.2,49.05,0.3666666666666667,0.8,0.12000000000000002,4.8
FALSE,52.303999999999995,0.29333333333333333,0.6,0.04,3.6,49.3,0.5479365079365078,0.6,0.12,5.4
FALSE,50.734,0.4533333333333333,0.8,0.12,4.6,49.134,0.8266666666666668,1.0,0.1733333333333333,4.4
TRUE,49.786,0.6097435897435897,0.6,0.2,3.2,50.422000000000004,0.4133333333333333,1.0,0.26666666666666666,5.8
FALSE,50.342,0.5428571428571429,0.2,0.013333333333333332,4.4,50.67400000000001,0.4355555555555556,0.8,0.14666666666666667,4.6
TRUE,48.476,0.5033333333333333,0.8,0.08,4.4,48.348,0.44000000000000006,0.6,0.10666666666666666,4.6
FALSE,50.242000000000004,0.35333333333333333,0.6,0.09333333333333334,5.6,51.484,0.6192857142857143,1.0,0.18666666666666668,3.4
FALSE,48.926,0.36000000000000004,0.6,0.22666666666666666,4.4,50.797999999999995,0.25025641025641027,1.0,0.18666666666666668,4.6
FALSE,51.318000000000005,0.2904761904761905,0.6,0.06666666666666668,5.6,51.239999999999995,0.6833333333333333,0.8,0.27999999999999997,3.4
FALSE,49.214,0.11666666666666667,0.8,0.10666666666666666,2.8,48.998000000000005,0.6376923076923077,0.8,0.2666666666666667,6.2
TRUE,50.257999999999996,0.8,0.8,0.13333333333333333,2.6,50.908,0.5066666666666667,0.6,0.14666666666666667,4.4
FALSE,49.444,0.6066666666666667,0.8,0.10666666666666669,3.8,48.978,0.5424242424242424,0.6,0.06666666666666668,5.2
TRUE,48.604,0.7066666666666667,1.0,0.14666666666666667,5.6,49.988,0.29333333333333333,0.8,0.13333333333333333,3.4
TRUE,49.194,0.6666666666666666,1.0,0.12,4.8,49.779999999999994,0.48666666666666664,0.8,0.13333333333333333,4.2
TRUE,49.17,0.6966666666666667,1.0,0.21333333333333332,5.4,47.754000000000005,0.36,0.8,0.06666666666666667,3.6
FALSE,52.234,0.7561904761904763,0.8,0.16,5.4,49.98199999999999,0.49333333333333335,0.6,0.06666666666666668,3.6
TRUE,48.598,0.7866666666666667,0.8,0.4,5.8,50.75,0.5704761904761904,0.2,0.04,3.2
TRUE,50.048,0.7666666666666667,0.8,0.18666666666666668,3.8,49.6,0.5333333333333334,0.8,0.3333333333333333,5.2
TRUE,49.85,0.6933333333333334,1.0,0.3066666666666667,5.0,50.37,0.5333333333333333,0.8,0.2533333333333333,4.0
FALSE,49.084,0.3666666666666667,0.6,0.05333333333333333,4.4,51.476,0.38999999999999996,0.2,0.09333333333333334,4.6
TRUE,49.414,0.5793939393939394,1.0,0.26666666666666666,4.2,48.07,0.32666666666666666,0.8,0.17333333333333334,4.8
TRUE,49.122,0.52,0.6,0.06666666666666667,4.8,51.162,0.38666666666666666,0.4,0.06666666666666668,4.2
TRUE,51.608000000000004,0.5599999999999999,0.8,0.09333333333333334,4.0,51.071999999999996,0.5599999999999999,1.0,0.49333333333333335,5.0
TRUE,48.564,0.5866666666666667,1.0,0.2533333333333333,6.0,49.652,0.5333333333333333,0.6,0.2,3.0
FALSE,52.108000000000004,0.37333333333333335,0.2,0.04,3.6,48.955999999999996,0.5266666666666666,0.8,0.17333333333333334,5.4
FALSE,49.076,0.6066666666666667,1.0,0.12,5.2,51.077999999999996,0.51,0.8,0.08,3.8
FALSE,50.488,0.5302564102564102,0.8,0.24,5.2,50.205999999999996,0.5733333333333334,0.8,0.08,3.8
TRUE,49.18,0.6942857142857143,0.4,0.05333333333333333,2.6,48.402,0.5155555555555555,0.8,0.09333333333333334,4.4
FALSE,50.118,0.569047619047619,0.8,0.09333333333333334,5.0,51.79,0.5533333333333335,1.0,0.16,4.0
FALSE,50.63000000000001,0.5466666666666666,1.0,0.38666666666666666,4.4,49.122,0.30666666666666664,1.0,0.27999999999999997,4.6
TRUE,48.866,0.7733333333333333,1.0,0.21333333333333332,4.4,50.379999999999995,0.6,0.8,0.14666666666666667,4.6
TRUE,49.269999999999996,0.6266666666666667,0.6,0.13333333333333333,5.4,51.11,0.47523809523809524,0.6,0.2533333333333333,3.6
FALSE,49.682,0.49333333333333335,0.6,0.09333333333333334,4.2,51.854,0.5233333333333333,0.8,0.17333333333333334,4.8
TRUE,49.032000000000004,0.6666666666666666,0.8,0.07999999999999999,3.4,50.938,0.39333333333333337,0.4,0.05333333333333333,5.6
FALSE,50.465999999999994,0.4424242424242425,1.0,0.22666666666666666,4.4,49.852,0.4685714285714286,0.6,0.09333333333333334,4.6
FALSE,51.263999999999996,0.37743589743589745,1.0,0.16,3.8,50.013999999999996,0.35333333333333333,0.8,0.13333333333333333,5.2
FALSE,49.74400000000001,0.7866666666666667,1.0,0.2,4.4,50.04600000000001,0.5152380952380953,0.6,0.22666666666666666,4.6
TRUE,49.83200000000001,0.8666666666666666,0.6,0.16,4.6,49.9,0.5830769230769232,0.8,0.2,4.4
TRUE,50.172,0.6966666666666667,1.0,0.44000000000000006,4.8,48.426,0.6133333333333334,0.8,0.4133333333333334,4.2
TRUE,51.114,0.5466666666666666,1.0,0.22666666666666666,5.6,51.052,0.4838095238095238,1.0,0.31999999999999995,3.4
TRUE,49.102000000000004,0.3961904761904762,0.6,0.06666666666666667,5.4,49.784000000000006,0.4,0.8,0.16,3.6
FALSE,51.132000000000005,0.6533333333333333,1.0,0.4,4.6,49.303999999999995,0.5148351648351648,0.8,0.14666666666666667,4.4
FALSE,51.128,0.7066666666666667,0.8,0.06666666666666668,3.2,52.092,0.598974358974359,0.8,0.2,5.8
TRUE,50.24,0.49833333333333335,1.0,0.18666666666666668,5.2,50.486,0.301025641025641,0.6,0.06666666666666667,3.8
FALSE,50.032,0.7222222222222221,0.8,0.10666666666666666,6.0,49.366,0.4666666666666666,0.8,0.12,3.0
FALSE,50.814,0.46333333333333326,1.0,0.21333333333333332,4.0,50.36200000000001,0.5933333333333334,0.8,0.17333333333333334,5.0
FALSE,50.814,0.46333333333333326,1.0,0.21333333333333332,4.0,50.36200000000001,0.5933333333333334,0.8,0.17333333333333334,5.0
TRUE,51.205999999999996,0.6228571428571429,0.6,0.06666666666666667,4.6,49.272000000000006,0.5399999999999999,1.0,0.17333333333333334,4.4
FALSE,48.166000000000004,0.45999999999999996,0.8,0.09333333333333334,3.2,50.544,0.4066666666666666,1.0,0.27999999999999997,5.8
FALSE,49.11,0.5939393939393939,1.0,0.16,3.8,50.69,0.5257142857142857,0.6,0.10666666666666666,5.2
FALSE,51.022,0.4409523809523809,0.6,0.08,5.2,49.784000000000006,0.6504761904761904,1.0,0.38666666666666666,3.8
TRUE,49.746,0.47619047619047616,1.0,0.12,7.0,46.94200000000001,0.4833333333333333,0.8,0.12,2.0
TRUE,50.519999999999996,0.4727272727272728,0.8,0.09333333333333334,4.8,49.388,0.5866666666666667,0.8,0.16,4.2
FALSE,50.152,0.3333333333333333,0.6,0.05333333333333333,5.4,50.2,0.7000000000000001,1.0,0.26666666666666666,3.6
FALSE,50.152,0.3333333333333333,0.6,0.05333333333333333,5.4,50.2,0.7000000000000001,1.0,0.26666666666666666,3.6
TRUE,49.324,0.7206410256410256,1.0,0.32,4.8,50.076,0.5333333333333333,0.4,0.07999999999999999,4.2
TRUE,51.553999999999995,0.6599999999999999,0.4,0.08,3.6,51.726,0.5333333333333333,0.6,0.12,5.4
TRUE,48.57000000000001,0.72,1.0,0.16,5.2,49.854,0.45999999999999996,0.8,0.16,3.8
FALSE,49.794,0.35619047619047617,0.8,0.12,6.0,50.464,0.6133333333333333,0.4,0.10666666666666666,3.0
TRUE,50.672000000000004,0.4966666666666667,1.0,0.14666666666666667,3.2,49.355999999999995,0.20666666666666664,0.8,0.22666666666666666,5.8
FALSE,48.55800000000001,0.52,0.6,0.09333333333333332,2.4,51.998000000000005,0.6066666666666667,0.8,0.2,6.6
TRUE,50.31,0.58,0.8,0.22666666666666666,5.2,49.882000000000005,0.6333333333333333,0.6,0.15999999999999998,3.8
FALSE,49.382,0.42333333333333334,0.6,0.08,4.2,49.588,0.581025641025641,0.8,0.06666666666666667,4.8
TRUE,50.474000000000004,0.5971428571428571,0.8,0.17333333333333334,3.2,48.048,0.3333333333333333,0.8,0.08,5.8
TRUE,50.086,0.6266666666666667,0.8,0.3466666666666667,3.4,51.32000000000001,0.19333333333333333,0.6,0.05333333333333333,5.6
FALSE,49.40400000000001,0.5166666666666667,1.0,0.21333333333333332,5.0,50.714,0.6024242424242424,0.8,0.13333333333333333,4.0
TRUE,51.758,0.5866666666666667,0.8,0.24,5.6,48.02,0.4600000000000001,0.8,0.16,3.4
TRUE,50.489999999999995,0.37897435897435894,0.8,0.2533333333333333,3.8,49.694,0.4,1.0,0.08,5.2
FALSE,47.808,0.5666666666666667,0.8,0.13333333333333336,4.0,48.303999999999995,0.5,0.4,0.05333333333333333,5.0
FALSE,48.916000000000004,0.38666666666666666,0.6,0.12,4.0,49.914,0.52,1.0,0.10666666666666666,5.0
TRUE,51.174,0.6866666666666666,0.8,0.18666666666666665,3.0,49.866,0.35406593406593406,0.8,0.09333333333333334,6.0
TRUE,49.562000000000005,0.5900000000000001,0.8,0.14666666666666667,3.2,50.660000000000004,0.8666666666666668,1.0,0.14666666666666667,5.8
TRUE,51.772000000000006,0.5166666666666666,0.8,0.07999999999999999,4.4,50.792,0.5133333333333333,0.6,0.27999999999999997,4.6
TRUE,50.598,0.5842857142857143,0.6,0.16,4.0,49.480000000000004,0.4,0.6,0.06666666666666668,5.0
TRUE,49.236000000000004,0.9199999999999999,0.6,0.13333333333333333,3.6,49.438,0.47333333333333333,0.8,0.21333333333333332,5.4
FALSE,51.158,0.45444444444444443,0.8,0.13333333333333333,3.0,48.766000000000005,0.76,0.8,0.10666666666666666,6.0
TRUE,51.06,0.6783333333333333,0.8,0.22666666666666666,5.4,50.75600000000001,0.4,1.0,0.12,3.6
FALSE,50.10600000000001,0.46333333333333326,1.0,0.12,3.4,49.848,0.3911111111111111,0.8,0.14666666666666667,5.6
TRUE,49.85,0.5,0.8,0.13333333333333336,3.6,48.102000000000004,0.3133333333333333,0.4,0.026666666666666665,5.4
TRUE,51.53000000000001,0.53,0.8,0.22666666666666666,4.8,50.158,0.3933333333333333,0.6,0.08,4.2
FALSE,51.08,0.505,0.6,0.17333333333333334,4.8,48.89200000000001,0.6133333333333333,0.8,0.30666666666666664,4.2
TRUE,49.75,0.29166666666666663,0.6,0.10666666666666669,3.8,49.572,0.3,0.6,0.06666666666666667,3.2
FALSE,51.08,0.505,0.6,0.17333333333333334,4.8,48.89200000000001,0.6133333333333333,0.8,0.30666666666666664,4.2
FALSE,50.006,0.2733333333333333,0.8,0.14666666666666667,4.4,49.29600000000001,0.671111111111111,0.8,0.2,4.6
TRUE,49.914,0.5866666666666667,1.0,0.36,5.4,51.19799999999999,0.46571428571428564,0.8,0.18666666666666665,3.6
FALSE,50.112,0.5666666666666667,0.6,0.08,4.2,50.696000000000005,0.52,0.8,0.32,4.8
TRUE,52.275999999999996,0.6388888888888888,0.4,0.16,4.8,49.82,0.42000000000000004,0.6,0.14666666666666667,4.2
TRUE,49.606,0.5188888888888888,1.0,0.21333333333333332,2.4,50.962,0.5466666666666666,0.8,0.10666666666666666,4.6
TRUE,50.54600000000001,0.7233333333333334,0.8,0.27999999999999997,5.0,52.18599999999999,0.7066666666666667,1.0,0.18666666666666668,4.0
TRUE,49.31,0.58,1.0,0.10666666666666666,4.0,49.944,0.7433333333333334,0.6,0.08,5.0
FALSE,50.928,0.44000000000000006,1.0,0.26666666666666666,7.0,50.048,0.3333333333333333,0.8,0.09333333333333334,2.0
TRUE,50.408,0.6666666666666666,0.8,0.18666666666666668,4.6,50.05799999999999,0.7,0.6,0.2,4.4
FALSE,50.082,0.26,1.0,0.2533333333333333,4.4,49.268,0.4133333333333333,0.6,0.09333333333333334,4.6
FALSE,50.136,0.45999999999999996,0.6,0.14666666666666667,4.8,50.738,0.6633333333333333,0.8,0.14666666666666667,4.2
FALSE,49.50999999999999,0.4933333333333333,0.4,0.12,4.0,50.92,0.6266666666666667,0.6,0.06666666666666667,5.0
TRUE,49.10999999999999,0.6199999999999999,1.0,0.24,2.2,49.403999999999996,0.15873015873015872,0.4,0.14666666666666667,3.0
FALSE,51.188,0.36666666666666664,0.4,0.05333333333333333,4.4,52.02199999999999,0.4888888888888888,1.0,0.24,4.6
TRUE,49.962,0.5066666666666666,1.0,0.2533333333333333,3.8,51.902,0.30666666666666664,1.0,0.27999999999999997,5.2
TRUE,49.536,0.6,1.0,0.16,4.4,49.284000000000006,0.4885714285714286,0.8,0.13333333333333336,4.6
TRUE,48.879999999999995,0.42444444444444446,0.8,0.12000000000000002,4.4,50.356,0.6133333333333334,0.8,0.36,4.6
TRUE,51.182,0.5866666666666667,0.8,0.2,2.6,49.608000000000004,0.339047619047619,0.6,0.09333333333333334,4.4
FALSE,50.775999999999996,0.3333333333333333,0.6,0.04,3.4,50.05,0.5666666666666667,0.8,0.06666666666666667,5.6
FALSE,49.924,0.12,0.8,0.13333333333333333,4.0,51.172,0.7333333333333334,0.8,0.21333333333333332,5.0
FALSE,51.367999999999995,0.5930769230769231,1.0,0.26666666666666666,5.4,51.55799999999999,0.8333333333333334,0.8,0.21333333333333332,3.6
TRUE,48.798,0.7176434676434676,0.8,0.2,4.6,49.576,0.44000000000000006,1.0,0.22666666666666666,4.4
FALSE,49.05,0.4927272727272727,0.4,0.04,5.6,52.674,0.4215384615384615,0.8,0.09333333333333334,3.4
FALSE,50.577999999999996,0.3866666666666666,0.8,0.2533333333333333,4.0,50.574000000000005,0.7142857142857142,0.6,0.06666666666666667,5.0
FALSE,48.604,0.42666666666666664,0.8,0.07999999999999999,5.0,49.768,0.55,1.0,0.2,4.0
TRUE,47.772000000000006,0.52,1.0,0.15999999999999998,4.0,48.57,0.5633333333333332,1.0,0.3066666666666667,5.0
FALSE,50.094,0.24,0.4,0.12,4.6,50.79600000000001,0.5923809523809525,0.8,0.2533333333333333,4.4
FALSE,51.06,0.5030769230769231,0.8,0.27999999999999997,6.0,48.38000000000001,0.48,0.8,0.1733333333333333,3.0
FALSE,49.664,0.5066666666666666,0.8,0.26666666666666666,3.8,50.492000000000004,0.7676190476190475,0.8,0.27999999999999997,5.2
FALSE,49.821999999999996,0.46571428571428575,1.0,0.19999999999999998,4.4,51.044000000000004,0.55,0.8,0.21333333333333332,4.6
FALSE,48.456,0.5123809523809524,0.8,0.14666666666666667,4.6,49.24399999999999,0.45999999999999996,0.6,0.10666666666666666,4.4
TRUE,49.604,0.5866666666666667,1.0,0.4666666666666666,3.0,49.092,0.32666666666666666,0.8,0.21333333333333332,6.0
TRUE,48.694,0.51,1.0,0.16,5.6,49.19,0.49333333333333335,0.6,0.2,3.4
FALSE,50.684000000000005,0.43999999999999995,1.0,0.2,4.4,49.32000000000001,0.3497435897435897,0.6,0.17333333333333334,4.6
FALSE,49.434,0.5333333333333334,0.8,0.24,3.8,49.902,0.52,0.6,0.33333333333333337,5.2
FALSE,51.69,0.4933333333333333,0.8,0.29333333333333333,3.0,48.25,0.47948717948717945,0.8,0.26666666666666666,6.0
TRUE,51.168000000000006,0.5657142857142856,1.0,0.29333333333333333,2.6,50.19599999999999,0.5114285714285715,0.8,0.38666666666666666,6.4
TRUE,51.168000000000006,0.5657142857142856,1.0,0.29333333333333333,2.6,50.19599999999999,0.5114285714285715,0.8,0.38666666666666666,6.4
FALSE,49.976000000000006,0.49333333333333335,1.0,0.15999999999999998,6.0,48.182,0.5,0.6,0.05333333333333333,3.0
FALSE,49.236000000000004,0.6267243867243867,0.8,0.09333333333333334,3.8,50.55200000000001,0.6666666666666666,1.0,0.3066666666666667,5.2
TRUE,51.63399999999999,0.7733333333333332,0.8,0.24,3.8,49.528000000000006,0.8,0.8,0.13333333333333333,5.2
FALSE,50.83,0.6133333333333333,0.8,0.15999999999999998,6.2,50.506,0.54,1.0,0.14666666666666667,2.8
TRUE,50.190000000000005,0.5599999999999999,0.8,0.27999999999999997,6.0,49.028,0.4133333333333333,1.0,0.14666666666666667,3.0
FALSE,52.458000000000006,0.7,0.8,0.08,4.4,51.25600000000001,0.5183333333333333,0.6,0.15999999999999998,4.6
FALSE,50.358,0.47595238095238096,0.6,0.08,5.4,50.876,0.8800000000000001,0.8,0.08,3.6
TRUE,52.32000000000001,0.7533333333333333,1.0,0.36,4.8,49.025999999999996,0.5316666666666666,0.8,0.13333333333333336,4.2
TRUE,50.086,0.47333333333333333,0.6,0.17333333333333334,3.4,50.702,0.5866666666666667,0.6,0.10666666666666666,5.6
TRUE,50.763999999999996,0.7709523809523808,0.8,0.13333333333333333,3.6,51.176,0.4838095238095238,0.8,0.3466666666666666,5.4
TRUE,51.370000000000005,0.6466666666666667,0.8,0.07999999999999999,4.8,50.9,0.5733333333333333,1.0,0.2533333333333333,4.2
FALSE,50.168,0.43285714285714294,0.6,0.04,4.4,50.318,0.5933333333333334,0.6,0.06666666666666668,2.6
FALSE,49.706,0.5533333333333333,0.8,0.13333333333333336,5.4,51.326,0.5533333333333333,0.8,0.12,3.6
TRUE,49.599999999999994,0.53,1.0,0.4,4.8,50.53,0.48666666666666664,0.6,0.10666666666666666,4.2
FALSE,51.074,0.6106060606060606,0.8,0.13333333333333336,3.8,49.05400000000001,0.4533333333333333,1.0,0.14666666666666667,5.2
TRUE,50.75,0.5851282051282051,0.8,0.22666666666666666,5.4,51.672000000000004,0.5323809523809524,0.8,0.16,3.6
FALSE,51.8,0.259047619047619,1.0,0.18666666666666665,2.2,49.688,0.3923232323232323,1.0,0.38666666666666666,6.8
FALSE,48.644,0.4,0.6,0.06666666666666668,2.0,48.402,0.2533333333333333,0.6,0.06666666666666668,1.6
FALSE,50.141999999999996,0.2633333333333333,0.6,0.25333333333333335,4.0,49.702000000000005,0.6933333333333334,0.8,0.22666666666666666,5.0
FALSE,50.402,0.6161904761904762,1.0,0.15999999999999998,3.4,48.06600000000001,0.5866666666666667,0.6,0.10666666666666666,5.6
TRUE,50.114,0.6466666666666667,0.8,0.16,4.4,51.236000000000004,0.35,0.6,0.18666666666666668,4.6
FALSE,50.751999999999995,0.22666666666666666,1.0,0.10666666666666666,4.0,51.082,0.42666666666666664,0.8,0.27999999999999997,5.0
TRUE,52.00599999999999,0.5549999999999999,1.0,0.2666666666666667,3.4,48.72,0.36,0.8,0.13333333333333333,5.6
FALSE,50.362,0.40307692307692305,1.0,0.12,4.2,51.154,0.5999999999999999,1.0,0.3866666666666666,4.8
TRUE,51.486000000000004,0.5619047619047619,0.6,0.08,2.2,50.71,0.32,0.8,0.13333333333333333,4.8
FALSE,48.992000000000004,0.48999999999999994,0.8,0.4533333333333333,4.6,50.872,0.4673809523809524,0.8,0.16,4.4
FALSE,49.013999999999996,0.7033333333333334,0.6,0.13333333333333336,4.0,51.312,0.5566666666666666,0.4,0.10666666666666666,5.0
TRUE,49.964,0.4666666666666666,0.6,0.08,4.2,50.664,0.29333333333333333,0.4,0.15999999999999998,4.8
TRUE,51.686,0.7025396825396826,1.0,0.12,5.2,48.56400000000001,0.4311111111111111,0.8,0.14666666666666667,3.8
TRUE,50.083999999999996,0.38,0.8,0.08,5.2,49.888,0.44564102564102565,0.8,0.10666666666666666,3.8
TRUE,50.43,0.8266666666666665,0.8,0.18666666666666668,3.0,50.791999999999994,0.3883333333333333,0.8,0.21333333333333332,6.0
TRUE,49.641999999999996,0.5599999999999999,0.8,0.1733333333333333,4.8,50.202000000000005,0.48166666666666663,0.8,0.10666666666666666,4.2
FALSE,50.798,0.43999999999999995,0.8,0.29333333333333333,4.6,49.528000000000006,0.5433333333333333,0.8,0.29333333333333333,4.4
FALSE,50.568,0.5599999999999999,0.8,0.2533333333333333,3.8,51.838,0.37333333333333335,0.6,0.04,5.2
TRUE,49.808,0.6033333333333333,1.0,0.18666666666666668,4.6,50.546,0.4333333333333333,1.0,0.3466666666666666,4.4
FALSE,50.08,0.6333333333333333,1.0,0.48,3.6,50.268,0.6044444444444445,0.6,0.05333333333333333,3.4
TRUE,50.74399999999999,0.5466666666666666,0.8,0.14666666666666667,3.6,50.05,0.5016666666666667,0.8,0.26666666666666666,5.4
TRUE,50.242000000000004,0.7161904761904762,1.0,0.10666666666666666,3.8,50.010000000000005,0.27222222222222225,0.8,0.13333333333333333,5.2
FALSE,49.128,0.32,0.8,0.09333333333333334,4.4,47.510000000000005,0.5561904761904761,0.8,0.21333333333333332,4.6
FALSE,50.798,0.4666666666666666,0.8,0.14666666666666667,7.0,50.855999999999995,0.53,0.6,0.12,2.0
FALSE,49.227999999999994,0.58,1.0,0.12000000000000002,5.0,50.553999999999995,0.5917948717948718,0.6,0.05333333333333333,4.0
TRUE,49.212,0.5383333333333333,1.0,0.12,3.0,50.884,0.36666666666666664,0.6,0.05333333333333333,6.0
FALSE,52.504,0.6733333333333332,1.0,0.2,4.0,50.458000000000006,0.5866666666666667,0.8,0.21333333333333332,5.0
TRUE,50.62,0.6216666666666666,0.8,0.3066666666666667,4.6,49.239999999999995,0.4533333333333333,0.8,0.12,4.4
FALSE,50.794000000000004,0.48,1.0,0.18666666666666668,3.2,48.8,0.5,1.0,0.13333333333333336,5.8
FALSE,51.162,0.42000000000000004,0.6,0.15999999999999998,4.8,49.058,0.5139743589743591,0.6,0.14666666666666667,4.2
TRUE,51.564,0.7333333333333333,0.6,0.16,3.8,50.352,0.7100000000000001,1.0,0.21333333333333332,5.2
TRUE,50.275999999999996,0.5644444444444444,0.4,0.09333333333333334,5.0,50.565999999999995,0.5422222222222223,0.4,0.16,4.0
TRUE,49.977999999999994,0.42666666666666664,1.0,0.2,4.8,49.084,0.4519047619047619,1.0,0.24,4.2
TRUE,49.894,0.5028571428571429,0.8,0.14666666666666667,4.2,51.111999999999995,0.35,0.8,0.10666666666666666,4.8
FALSE,50.891999999999996,0.4133333333333333,0.8,0.09333333333333334,5.2,50.354,0.4333333333333333,0.6,0.05333333333333333,3.8
FALSE,50.730000000000004,0.6933333333333332,1.0,0.2,5.0,50.126000000000005,0.6754545454545455,1.0,0.12000000000000002,4.0
FALSE,49.92400000000001,0.7497435897435898,0.8,0.14666666666666667,3.0,49.827999999999996,0.7066666666666667,0.8,0.27999999999999997,6.0
TRUE,50.786,0.5733333333333334,0.8,0.10666666666666666,4.0,51.572,0.7466666666666667,0.8,0.06666666666666667,5.0
TRUE,49.634,0.5733333333333334,1.0,0.17333333333333334,5.8,50.956,0.7,1.0,0.28,3.2
TRUE,50.507999999999996,0.5866666666666667,1.0,0.31999999999999995,4.6,50.13,0.33939393939393936,0.8,0.2,4.4
FALSE,49.538,0.5721212121212121,0.6,0.13333333333333333,5.4,50.839999999999996,0.7066666666666668,0.8,0.29333333333333333,3.6
TRUE,50.486,0.5266666666666666,1.0,0.13333333333333333,4.8,49.065999999999995,0.56,0.6,0.2,4.2
FALSE,49.23,0.1,1.0,0.09333333333333332,4.2,50.4,0.8400000000000001,0.6,0.06666666666666667,4.8
FALSE,49.831999999999994,0.26857142857142857,0.6,0.12,7.0,49.982,0.37333333333333335,1.0,0.17333333333333334,2.0
TRUE,51.29,0.7666666666666666,0.8,0.09333333333333334,4.0,52.153999999999996,0.4619047619047619,0.4,0.06666666666666668,5.0
TRUE,49.38,0.48,0.8,0.10666666666666666,4.4,51.827999999999996,0.4688888888888889,0.8,0.12,4.6
FALSE,51.298,0.2,1.0,0.09333333333333334,3.0,49.730000000000004,0.47857142857142854,0.6,0.10666666666666666,2.2
FALSE,49.900000000000006,0.5133333333333334,0.8,0.29333333333333333,5.2,49.116,0.5233333333333333,0.8,0.27999999999999997,3.8
FALSE,51.114,0.52,0.8,0.18666666666666668,3.4,49.02,0.7733333333333332,0.8,0.12,3.6
FALSE,51.114,0.52,0.8,0.18666666666666668,3.4,49.02,0.7733333333333332,0.8,0.12,3.6
TRUE,50.612,0.5333333333333333,0.4,0.06666666666666668,2.2,49.658,0.42666666666666664,1.0,0.2,1.4
TRUE,49.914,0.4768253968253968,0.6,0.12,4.2,48.398,0.5066666666666666,0.8,0.2,4.8
FALSE,49.956,0.539047619047619,0.6,0.13333333333333336,3.0,48.934000000000005,0.4333333333333334,1.0,0.18666666666666668,6.0
TRUE,48.748,0.5333333333333333,0.6,0.09333333333333334,4.2,50.980000000000004,0.4873626373626374,0.8,0.10666666666666666,4.8
TRUE,48.99,0.5133333333333333,0.6,0.12,3.8,51.529999999999994,0.5555555555555556,0.2,0.08,5.2
TRUE,49.513999999999996,0.6233333333333333,1.0,0.12,4.8,49.20399999999999,0.1,0.6,0.06666666666666667,4.2
FALSE,50.098,0.5900000000000001,0.8,0.15999999999999998,4.2,51.46999999999999,0.7187878787878788,0.8,0.32,4.8
TRUE,51.943999999999996,0.6688888888888889,1.0,0.14666666666666667,4.4,50.714,0.4066666666666666,0.8,0.21333333333333332,2.6
FALSE,49.328,0.5199999999999999,0.8,0.13333333333333336,2.6,51.525999999999996,0.44666666666666666,0.8,0.13333333333333333,6.4
TRUE,47.711999999999996,0.6333333333333333,1.0,0.18666666666666665,6.0,49.838,0.4466666666666666,0.8,0.18666666666666668,3.0
FALSE,48.275999999999996,0.44666666666666666,1.0,0.2533333333333333,4.8,50.916,0.5084615384615384,0.0,0.0,4.2
FALSE,50.392,0.41047619047619044,0.8,0.10666666666666666,3.2,50.104,0.3433333333333334,0.4,0.04,5.8
TRUE,49.934000000000005,0.5,0.6,0.09333333333333334,6.4,48.758,0.34,0.4,0.15999999999999998,2.6
FALSE,48.93000000000001,0.3660606060606061,0.8,0.09333333333333334,3.2,49.784000000000006,0.4328205128205128,0.8,0.12,5.8
TRUE,50.79600000000001,0.7476923076923077,0.8,0.16,3.8,51.26800000000001,0.5666666666666667,0.6,0.21333333333333332,5.2
FALSE,50.116,0.35666666666666663,0.6,0.24000000000000005,5.0,52.370000000000005,0.6733333333333333,0.6,0.29333333333333333,4.0
FALSE,51.510000000000005,0.61,0.4,0.09333333333333334,4.6,50.714,0.5133333333333333,1.0,0.27999999999999997,4.4
FALSE,50.264,0.56,1.0,0.1733333333333333,4.0,50.556000000000004,0.5,1.0,0.29333333333333333,5.0
FALSE,52.260000000000005,0.2533333333333333,0.6,0.24,3.0,49.82600000000001,0.4290909090909091,0.8,0.26666666666666666,6.0
TRUE,50.674,0.4533333333333333,0.8,0.27999999999999997,4.8,49.581999999999994,0.5576190476190476,0.4,0.04,4.2
FALSE,48.996,0.45999999999999996,0.8,0.10666666666666666,5.0,51.760000000000005,0.5199999999999999,0.8,0.37333333333333335,2.0
FALSE,48.912,0.47333333333333333,0.8,0.09333333333333332,4.4,49.782000000000004,0.7899999999999999,0.8,0.26666666666666666,4.6
FALSE,51.49400000000001,0.48307692307692307,1.0,0.29333333333333333,3.8,50.476,0.5255555555555556,0.6,0.09333333333333334,5.2
TRUE,50.89200000000001,0.6,0.6,0.06666666666666667,5.8,51.648,0.663888888888889,0.8,0.26666666666666666,3.2
FALSE,52.488,0.7,1.0,0.26666666666666666,3.6,49.519999999999996,0.6133333333333333,0.8,0.22666666666666666,5.4
TRUE,50.766,0.6,1.0,0.13333333333333333,5.4,47.624,0.4624242424242424,1.0,0.18666666666666668,3.6
FALSE,49.528000000000006,0.38666666666666666,0.6,0.08,2.8,49.3,0.6902564102564102,1.0,0.26666666666666666,6.2
TRUE,49.28,0.6066666666666667,1.0,0.18666666666666668,4.6,50.980000000000004,0.43238095238095237,1.0,0.4133333333333334,4.4
FALSE,49.868,0.5533333333333333,0.6,0.22666666666666666,4.8,47.816,0.58,0.8,0.26666666666666666,4.2
TRUE,49.309999999999995,0.5399999999999999,0.8,0.12,3.2,50.512,0.5133333333333334,1.0,0.44000000000000006,5.8
FALSE,48.642,0.5733333333333333,0.8,0.17333333333333334,4.4,50.414,0.6366666666666667,0.6,0.17333333333333334,4.6
TRUE,49.076,0.47619047619047616,0.6,0.18666666666666668,5.0,49.474000000000004,0.3142857142857143,0.8,0.15999999999999998,4.0
TRUE,49.668,0.5733333333333334,0.8,0.16,3.2,50.87,0.3975757575757576,0.8,0.27999999999999997,5.8
TRUE,52.33200000000001,0.5399999999999999,0.8,0.10666666666666666,2.8,49.376000000000005,0.5566666666666668,1.0,0.17333333333333334,6.2
TRUE,49.964,0.3466666666666667,1.0,0.2533333333333333,3.6,49.402,0.4533333333333333,0.8,0.21333333333333332,5.4
TRUE,49.542,0.3866666666666667,0.6,0.09333333333333334,3.8,50.431999999999995,0.43999999999999995,0.6,0.12000000000000002,5.2
FALSE,50.098,0.77,0.8,0.09333333333333334,3.8,50.278,0.5590909090909091,0.4,0.12000000000000002,5.2
TRUE,51.092,0.639047619047619,0.6,0.16,3.4,51.1,0.5266666666666666,1.0,0.2,5.6
TRUE,49.849999999999994,0.5557142857142857,0.8,0.09333333333333334,4.4,51.089999999999996,0.2866666666666666,1.0,0.09333333333333334,4.6
TRUE,49.00200000000001,0.48666666666666664,0.6,0.04,3.0,51.855999999999995,0.4514285714285714,1.0,0.17333333333333334,6.0
TRUE,50.656000000000006,0.72,1.0,0.2533333333333333,6.2,52.68399999999999,0.7,0.8,0.30666666666666664,2.8
FALSE,48.656000000000006,0.74,0.6,0.18666666666666665,4.4,50.85,0.5333333333333334,0.8,0.16,4.6
TRUE,49.153999999999996,0.5,0.6,0.08,5.4,52.262,0.42000000000000004,1.0,0.13333333333333333,3.6
TRUE,50.64,0.5366666666666666,0.8,0.27999999999999997,5.4,49.346,0.4333333333333333,1.0,0.17333333333333334,3.6
FALSE,51.64799999999999,0.54,1.0,0.18666666666666668,4.6,50.622,0.7517948717948719,1.0,0.49333333333333335,4.4
TRUE,49.006,0.5199999999999999,0.6,0.09333333333333334,4.8,50.002,0.4133333333333333,0.8,0.14666666666666667,4.2
TRUE,48.986000000000004,0.5533333333333333,1.0,0.21333333333333337,5.2,50.096,0.45904761904761904,0.8,0.09333333333333334,3.8
TRUE,51.346000000000004,0.4533333333333333,0.8,0.09333333333333334,3.8,48.51,0.4616666666666666,1.0,0.26666666666666666,3.2
TRUE,48.89,0.45999999999999996,0.8,0.09333333333333334,4.8,47.93999999999999,0.4833333333333333,0.8,0.09333333333333334,4.2
TRUE,49.672000000000004,0.5111111111111111,0.8,0.2,3.2,48.28,0.1476190476190476,0.6,0.09333333333333334,5.8
TRUE,49.68,0.6733333333333332,1.0,0.31999999999999995,3.4,49.402,0.5866666666666667,0.8,0.12,5.6
FALSE,49.174,0.27555555555555555,1.0,0.17333333333333334,2.8,49.95,0.6900000000000001,0.8,0.10666666666666666,4.2
TRUE,50.092,0.6316883116883117,0.6,0.21333333333333332,4.4,50.653999999999996,0.4372727272727273,0.6,0.14666666666666667,4.6
TRUE,51.83599999999999,0.5399999999999999,0.8,0.14666666666666667,4.0,49.958,0.6012121212121212,1.0,0.31999999999999995,5.0
TRUE,50.19599999999999,0.7272727272727273,0.6,0.09333333333333334,4.4,51.239999999999995,0.36,0.6,0.05333333333333333,4.6
FALSE,51.372,0.4444444444444445,1.0,0.2533333333333333,3.4,50.088,0.7133333333333334,0.8,0.09333333333333334,5.6
TRUE,50.30799999999999,0.6266666666666667,0.8,0.07999999999999999,3.4,49.54,0.44666666666666666,0.8,0.05333333333333333,5.6
FALSE,52.21600000000001,0.4666666666666667,1.0,0.22666666666666666,5.2,50.44799999999999,0.5884848484848485,0.8,0.21333333333333332,3.8
FALSE,50.97,0.42666666666666664,0.8,0.13333333333333336,4.8,49.188,0.4259090909090909,0.4,0.04,4.2
TRUE,49.636,0.7466666666666666,1.0,0.15999999999999998,4.0,50.593999999999994,0.23666666666666666,0.8,0.05333333333333333,5.0
FALSE,51.004000000000005,0.4184615384615384,0.8,0.16,3.0,50.888,0.49333333333333335,0.6,0.32,6.0
FALSE,49.846000000000004,0.4933333333333333,1.0,0.16,3.4,50.162,0.4866666666666667,1.0,0.22666666666666666,5.6
TRUE,50.291999999999994,0.6666666666666666,0.8,0.22666666666666666,5.8,50.96,0.35333333333333333,0.8,0.08,3.2
TRUE,51.538,0.5733333333333333,0.8,0.14666666666666667,3.2,51.69200000000001,0.35523809523809524,0.6,0.17333333333333334,5.8
FALSE,49.096000000000004,0.2533333333333333,0.6,0.14666666666666667,4.6,51.738,0.5966666666666667,1.0,0.24,4.4
TRUE,48.562,0.7128571428571429,0.8,0.32,4.0,50.338,0.22000000000000003,0.4,0.04,5.0
TRUE,49.288,0.5833333333333333,0.6,0.2,6.2,51.303999999999995,0.6,0.4,0.12000000000000002,2.8
FALSE,49.692,0.6,0.6,0.13333333333333336,6.6,48.572,0.6666666666666666,1.0,0.18666666666666668,2.4
TRUE,50.206,0.7633333333333334,0.8,0.08,3.8,50.014,0.4166666666666667,0.8,0.18666666666666668,5.2
FALSE,50.001999999999995,0.32476190476190475,1.0,0.24,6.8,51.912,0.4133333333333333,1.0,0.2,2.2
FALSE,49.574,0.6914285714285715,0.6,0.05333333333333333,3.6,50.29600000000001,0.661904761904762,1.0,0.31999999999999995,5.4
TRUE,50.21,0.6724297924297924,1.0,0.2533333333333333,3.6,51.412,0.38,0.6,0.08,5.4
TRUE,51.062,0.7166666666666667,1.0,0.09333333333333334,4.4,51.31,0.52,0.6,0.15999999999999998,0.8
FALSE,49.414,0.5190476190476191,0.4,0.05333333333333333,5.4,51.444,0.5133333333333333,0.8,0.2533333333333333,3.6
TRUE,49.996,0.7466666666666666,0.4,0.06666666666666667,2.8,48.596,0.08571428571428572,0.8,0.05333333333333333,2.4
FALSE,50.291999999999994,0.26666666666666666,1.0,0.07999999999999999,0.4,48.824,0.47619047619047616,0.4,0.05333333333333333,1.8
TRUE,51.062,0.7166666666666667,1.0,0.09333333333333334,4.4,51.31,0.52,0.6,0.15999999999999998,0.8
TRUE,50.34,0.5266666666666666,0.6,0.10666666666666666,4.8,48.620000000000005,0.6157575757575757,0.4,0.05333333333333333,4.2
FALSE,50.620000000000005,0.3866666666666666,0.6,0.04,3.0,50.83,0.6633333333333333,1.0,0.10666666666666666,6.0
TRUE,51.172,0.3133333333333333,1.0,0.16,6.0,48.932,0.30666666666666664,0.6,0.06666666666666667,3.0
FALSE,51.052,0.6566666666666666,0.8,0.17333333333333334,3.8,49.333999999999996,0.6599999999999999,0.8,0.09333333333333334,5.2
FALSE,50.732000000000006,0.7733333333333333,1.0,0.12,4.8,51.60600000000001,0.5766666666666667,0.8,0.17333333333333334,4.2
FALSE,50.446000000000005,0.28,0.8,0.15999999999999998,5.6,52.062,0.76,0.8,0.13333333333333333,3.4
FALSE,50.294,0.4966666666666667,1.0,0.22666666666666666,4.6,48.842,0.516969696969697,1.0,0.31999999999999995,4.4
FALSE,50.332,0.3966666666666666,1.0,0.2,3.2,49.108,0.5286868686868686,0.8,0.3466666666666667,5.8
FALSE,48.126000000000005,0.5966666666666667,0.4,0.10666666666666666,6.6,51.33,0.47333333333333333,0.8,0.2,2.4
FALSE,49.31999999999999,0.6482051282051282,1.0,0.22666666666666666,5.8,50.120000000000005,0.7692307692307692,1.0,0.27999999999999997,3.2
FALSE,49.17999999999999,0.5,0.4,0.04,4.0,50.544000000000004,0.6,1.0,0.15999999999999998,5.0
TRUE,49.42,0.7787878787878787,1.0,0.14666666666666667,5.4,48.044000000000004,0.3933333333333333,0.8,0.10666666666666666,3.6
TRUE,49.646,0.4666666666666666,1.0,0.27999999999999997,3.8,48.19,0.29333333333333333,1.0,0.21333333333333332,5.2
TRUE,51.43399999999999,0.5633333333333334,1.0,0.27999999999999997,5.4,49.05800000000001,0.5599999999999999,1.0,0.2,3.6
FALSE,50.468,0.0,0.8,0.06666666666666667,0.2,47.482,0.5666666666666667,0.8,0.08,2.0
TRUE,51.426,0.8066666666666666,0.4,0.12,3.0,48.748000000000005,0.4428571428571429,0.4,0.04,4.0
TRUE,51.016,0.6666666666666667,0.8,0.12,3.6,49.318,0.43,0.8,0.18666666666666668,5.4
TRUE,49.762,0.5775641025641025,0.8,0.12000000000000002,5.8,49.01800000000001,0.3466666666666667,0.8,0.09333333333333334,3.2
FALSE,50.554,0.39333333333333337,1.0,0.18666666666666668,4.2,50.300000000000004,0.5923232323232324,0.8,0.15999999999999998,4.8
TRUE,49.714,0.5033333333333333,0.8,0.22666666666666666,4.0,47.839999999999996,0.4133333333333334,1.0,0.22666666666666666,5.0
TRUE,50.42999999999999,0.3466666666666666,0.8,0.2533333333333333,3.8,49.30200000000001,0.3666666666666667,0.8,0.14666666666666667,5.2
TRUE,49.572,0.7533333333333333,0.8,0.10666666666666666,3.4,48.346,0.21428571428571427,0.8,0.12000000000000002,5.6
TRUE,52.092,0.7466666666666667,0.6,0.29333333333333333,4.6,47.424,0.4038095238095238,0.8,0.10666666666666666,4.4
TRUE,48.928000000000004,0.48539682539682544,1.0,0.26666666666666666,4.4,51.236000000000004,0.55,0.6,0.14666666666666667,4.6
TRUE,48.182,0.5238095238095238,0.6,0.05333333333333333,3.6,50.714,0.5933333333333334,0.8,0.27999999999999997,3.4
FALSE,49.97,0.5192124542124542,1.0,0.18666666666666668,4.6,50.736000000000004,0.5533333333333333,0.8,0.26666666666666666,4.4
TRUE,49.144,0.6133333333333333,0.8,0.12,6.6,49.852,0.6323809523809525,0.6,0.12,2.4
TRUE,50.766000000000005,0.7333333333333333,0.8,0.16,5.4,48.446000000000005,0.36,0.8,0.14666666666666667,3.6
FALSE,51.396,0.4311111111111111,0.8,0.10666666666666666,4.6,48.334,0.6033333333333333,0.8,0.27999999999999997,2.4
FALSE,50.572,0.553939393939394,0.4,0.10666666666666666,5.4,49.916,0.4057142857142857,1.0,0.13333333333333336,3.6
FALSE,51.218,0.5799999999999998,0.6,0.16,3.6,49.190000000000005,0.6778571428571428,1.0,0.1733333333333333,5.4
FALSE,51.462,0.52,0.6,0.21333333333333332,4.0,49.266000000000005,0.6266666666666667,0.6,0.06666666666666668,5.0
TRUE,51.688,0.72,0.8,0.26666666666666666,5.8,52.032000000000004,0.2866666666666667,0.6,0.2533333333333333,3.2
FALSE,51.260000000000005,0.49000000000000005,0.6,0.24000000000000005,4.6,49.42,0.6195238095238096,0.8,0.2,4.4
FALSE,50.571999999999996,0.49333333333333335,0.4,0.18666666666666668,3.8,49.848,0.62,1.0,0.15999999999999998,5.2
TRUE,49.392,0.4751515151515151,0.8,0.17333333333333334,3.0,51.722,0.74,1.0,0.22666666666666666,6.0
FALSE,51.914,0.47333333333333333,0.8,0.26666666666666666,0.8,48.346,1.0,0.8,0.06666666666666668,2.8
TRUE,50.32,0.6533333333333333,0.6,0.14666666666666667,4.2,49.212,0.5384615384615385,0.8,0.08,4.8
FALSE,51.156000000000006,0.47333333333333333,1.0,0.10666666666666666,3.4,49.066,0.4228571428571429,0.6,0.04,5.6
FALSE,48.88000000000001,0.13333333333333333,0.6,0.04,2.0,49.21,0.6561904761904762,1.0,0.14666666666666667,5.0
TRUE,49.251999999999995,0.7061904761904761,0.6,0.09333333333333334,0.2,49.342,0.3476190476190476,1.0,0.14666666666666667,-0.2
TRUE,51.738,0.6666666666666666,0.8,0.10666666666666666,4.6,51.44,0.7066666666666667,0.6,0.21333333333333332,4.4
FALSE,51.116,0.37986013986013983,0.8,0.2,3.2,51.05800000000001,0.47555555555555556,0.4,0.09333333333333334,5.8
TRUE,47.908,0.5,0.6,0.08,6.4,50.11800000000001,0.49142857142857144,0.8,0.21333333333333332,2.6
TRUE,49.53,0.6799999999999999,1.0,0.2,3.6,49.99399999999999,0.4133333333333333,0.6,0.18666666666666668,1.6
FALSE,52.40999999999999,0.2866666666666667,0.8,0.06666666666666667,4.0,50.24400000000001,0.7783333333333333,0.8,0.21333333333333332,5.0
FALSE,50.012,0.6,1.0,0.22666666666666666,2.8,48.446000000000005,0.5766666666666667,0.8,0.09333333333333332,6.2
FALSE,48.906,0.6090909090909091,0.8,0.13333333333333336,4.4,49.678000000000004,0.7066666666666667,0.8,0.09333333333333334,4.6
TRUE,49.232000000000006,0.4533333333333333,1.0,0.49333333333333335,4.0,51.668000000000006,0.5199999999999999,0.8,0.09333333333333334,5.0
FALSE,49.188,0.6233333333333333,0.8,0.33333333333333337,5.4,50.902,0.5133333333333333,0.8,0.24000000000000005,3.6
TRUE,51.553999999999995,0.6066666666666667,1.0,0.14666666666666667,4.4,48.548,0.6872727272727273,1.0,0.16,4.6
FALSE,49.888,0.5543589743589743,0.8,0.13333333333333333,3.8,48.153999999999996,0.8333333333333333,0.4,0.04,5.2
TRUE,50.916000000000004,0.78,0.6,0.21333333333333332,4.8,50.465999999999994,0.39999999999999997,0.8,0.12,4.2
FALSE,49.246,0.17333333333333334,0.8,0.14666666666666667,5.0,49.322,0.6533333333333333,0.8,0.15999999999999998,4.0
TRUE,50.084,0.6130769230769231,0.6,0.32,4.2,51.354,0.35,0.4,0.04,2.8
FALSE,51.004,0.5833333333333333,0.6,0.18666666666666668,5.0,50.494,0.6733333333333333,0.8,0.22666666666666666,4.0
TRUE,50.998000000000005,0.4333333333333333,0.6,0.13333333333333336,3.4,48.914,0.58,0.8,0.07999999999999999,5.6
TRUE,50.215999999999994,0.64,1.0,0.16,5.2,49.724000000000004,0.29333333333333333,0.8,0.14666666666666667,3.8
FALSE,47.99400000000001,0.49333333333333335,0.6,0.10666666666666666,5.4,48.926,0.15,0.4,0.026666666666666665,3.6
TRUE,50.220000000000006,0.41833333333333333,0.8,0.18666666666666668,6.4,50.267999999999994,0.5390476190476191,0.6,0.08,2.6
TRUE,48.57000000000001,0.7572727272727272,0.8,0.14666666666666667,4.2,50.834,0.619047619047619,0.8,0.24,4.8
FALSE,49.548,0.3276190476190476,0.8,0.09333333333333334,5.2,50.29,0.34,0.8,0.14666666666666667,3.8
TRUE,51.720000000000006,0.5733333333333334,1.0,0.21333333333333332,4.4,50.572,0.5333333333333333,0.6,0.24,4.6
TRUE,50.344,0.6266666666666667,1.0,0.10666666666666666,3.8,48.772000000000006,0.30666666666666664,0.4,0.10666666666666666,5.2
TRUE,50.588,0.53,1.0,0.10666666666666666,5.8,50.91199999999999,0.3866666666666666,0.8,0.10666666666666666,3.2
TRUE,50.31,0.5866666666666667,0.6,0.09333333333333332,4.0,48.874,0.4780952380952381,1.0,0.31999999999999995,5.0
FALSE,50.15,0.49333333333333335,0.8,0.09333333333333334,3.2,51.636,0.82,0.8,0.08,5.8
FALSE,50.95799999999999,0.2460606060606061,0.8,0.18666666666666665,3.6,51.096000000000004,0.68,0.6,0.13333333333333336,3.4
TRUE,51.45200000000001,0.7266666666666667,0.8,0.18666666666666668,5.2,51.992,0.52,0.6,0.07999999999999999,3.8
FALSE,50.696000000000005,0.37333333333333335,1.0,0.33333333333333337,4.4,51.824,0.5266666666666666,0.8,0.09333333333333334,4.6
TRUE,50.571999999999996,0.6866666666666666,0.6,0.06666666666666667,5.8,49.276,0.5866666666666667,0.6,0.08,3.2
FALSE,52.1,0.6466666666666667,0.6,0.12,4.4,49.275999999999996,0.3333333333333333,0.6,0.12,4.6
FALSE,49.256,0.21333333333333332,0.8,0.12000000000000002,3.6,50.816,0.7142857142857143,0.6,0.13333333333333336,3.4
TRUE,49.104,0.625,0.6,0.10666666666666666,-0.4,51.488,0.4033333333333333,1.0,0.16,0.4
TRUE,50.144,0.5066666666666666,0.8,0.09333333333333334,4.0,50.32000000000001,0.26484848484848483,0.8,0.14666666666666667,5.0
TRUE,51.718,0.4822222222222222,0.8,0.26666666666666666,3.6,49.004000000000005,0.39,0.6,0.14666666666666667,5.4
FALSE,50.226,0.5317171717171717,1.0,0.09333333333333332,3.6,48.612,0.5816317016317016,0.8,0.12,5.4
TRUE,49.891999999999996,0.4,0.6,0.09333333333333334,3.4,48.802,0.16904761904761906,0.6,0.08,5.6
FALSE,48.964,0.5498412698412698,0.6,0.12000000000000002,4.8,50.116,0.72,0.6,0.14666666666666667,4.2
TRUE,49.06400000000001,0.5933333333333334,0.4,0.10666666666666666,3.4,48.366,0.6333333333333333,1.0,0.26666666666666666,3.6
FALSE,48.892,0.16999999999999998,1.0,0.22666666666666666,4.2,48.596000000000004,0.6124242424242424,0.8,0.13333333333333333,4.8
TRUE,49.444,0.7904761904761906,1.0,0.07999999999999999,3.6,48.467999999999996,0.573888888888889,1.0,0.09333333333333334,5.4
TRUE,51.736000000000004,0.7166666666666666,1.0,0.26666666666666666,6.4,50.516000000000005,0.42666666666666664,0.8,0.17333333333333334,2.6
TRUE,49.254,0.6666666666666667,0.8,0.3466666666666667,4.2,48.33,0.30666666666666664,0.6,0.06666666666666668,4.8
TRUE,51.68399999999999,0.6183333333333333,0.6,0.2,4.2,49.922000000000004,0.33999999999999997,0.6,0.08,4.8
FALSE,52.00600000000001,0.58,0.8,0.27999999999999997,5.8,48.864,0.5599999999999999,0.8,0.06666666666666667,3.2
TRUE,48.612,0.6933333333333334,0.8,0.14666666666666667,4.6,49.260000000000005,0.6266666666666667,0.8,0.13333333333333336,4.4
FALSE,49.81,0.4383333333333333,1.0,0.3466666666666666,5.0,49.746,0.39333333333333337,0.8,0.21333333333333332,4.0
TRUE,48.348,0.5595238095238095,1.0,0.12000000000000002,5.8,49.382,0.5333333333333333,1.0,0.33333333333333337,3.2
FALSE,49.994,0.26666666666666666,0.2,0.026666666666666665,5.2,49.134,0.6533333333333333,0.6,0.2533333333333333,3.8
FALSE,47.438,0.54,1.0,0.13333333333333333,4.2,48.715999999999994,0.8066666666666666,1.0,0.09333333333333334,4.8
FALSE,49.854,0.5733333333333334,0.8,0.2533333333333333,6.2,48.745999999999995,0.6009523809523809,1.0,0.22666666666666666,2.8
FALSE,51.616,0.5866666666666667,1.0,0.22666666666666666,4.4,51.604000000000006,0.831111111111111,0.8,0.21333333333333332,4.6
FALSE,49.204,0.4600000000000001,1.0,0.16,5.8,49.742000000000004,0.47555555555555556,0.8,0.24,3.2
FALSE,49.867999999999995,0.39666666666666667,0.8,0.09333333333333334,5.0,49.977999999999994,0.6966666666666665,1.0,0.14666666666666667,4.0
TRUE,48.684,0.4583333333333333,0.8,0.12000000000000002,5.0,50.327999999999996,0.52,0.8,0.2,4.0
FALSE,48.476,0.5466666666666666,1.0,0.26666666666666666,5.8,51.55400000000001,0.7333333333333333,0.8,0.26666666666666666,3.2
FALSE,49.21,0.4488888888888889,0.8,0.14666666666666667,4.8,49.812,0.5466666666666666,1.0,0.42666666666666664,4.2
TRUE,50.56999999999999,0.5638827838827839,1.0,0.26666666666666666,2.6,49.444,0.24000000000000005,0.6,0.12,4.4
TRUE,50.56999999999999,0.5638827838827839,1.0,0.26666666666666666,2.6,49.444,0.24000000000000005,0.6,0.12,4.4
TRUE,50.57000000000001,0.58,0.8,0.2533333333333333,5.0,50.348,0.5333333333333333,0.4,0.09333333333333334,4.0
FALSE,50.416,0.5783333333333334,1.0,0.26666666666666666,4.8,50.480000000000004,0.5764102564102564,0.8,0.12,4.2
FALSE,49.492,0.5307142857142858,1.0,0.12,4.4,49.88,0.42666666666666664,0.8,0.10666666666666666,4.6
FALSE,50.19,0.6799999999999999,0.6,0.05333333333333333,4.2,50.01800000000001,0.5333333333333333,0.8,0.1733333333333333,4.8
TRUE,49.251999999999995,0.58,0.4,0.04,4.4,50.940000000000005,0.19666666666666666,0.6,0.10666666666666666,4.6
FALSE,49.662,0.3333333333333333,0.6,0.06666666666666668,3.6,51.388,0.6399999999999999,1.0,0.3466666666666667,5.4
FALSE,51.267999999999994,0.49333333333333335,0.8,0.2533333333333333,4.6,51.786,0.5333333333333333,0.8,0.17333333333333334,4.4
TRUE,50.318,0.6266666666666667,1.0,0.22666666666666666,4.0,51.658,0.6533333333333333,1.0,0.14666666666666667,5.0
TRUE,50.471999999999994,0.49757575757575756,0.8,0.18666666666666668,4.6,49.792,0.49428571428571433,1.0,0.28,4.4
FALSE,50.326,0.32,1.0,0.14666666666666667,6.0,50.124,0.52,0.6,0.17333333333333334,3.0
FALSE,49.126,0.6966666666666667,0.8,0.14666666666666667,3.0,50.926,0.6266666666666666,0.6,0.06666666666666667,6.0
FALSE,50.81400000000001,0.5333333333333333,0.6,0.06666666666666667,1.2,48.802,0.5666666666666667,0.6,0.06666666666666667,5.8
TRUE,49.21,0.7533333333333333,1.0,0.17333333333333334,4.4,49.032000000000004,0.6314285714285715,0.4,0.09333333333333334,4.6
TRUE,50.03,0.6722222222222223,1.0,0.12,2.6,50.472,0.20666666666666664,0.6,0.12,2.6
FALSE,48.916000000000004,0.19166666666666665,1.0,0.17333333333333334,4.4,49.78000000000001,0.5435897435897437,0.4,0.05333333333333333,2.6
TRUE,51.33,0.6266666666666667,1.0,0.27999999999999997,3.4,50.760000000000005,0.6166666666666666,0.8,0.22666666666666666,5.6
FALSE,48.81400000000001,0.5333333333333333,0.4,0.08,5.6,50.822,0.8025641025641026,0.6,0.10666666666666666,3.4
TRUE,51.14,0.6680952380952381,0.4,0.04,6.2,49.116,0.5970695970695971,1.0,0.4,2.8
TRUE,50.354,0.62,1.0,0.2,3.6,48.39999999999999,0.2857142857142857,0.8,0.13333333333333333,5.4
TRUE,49.212,0.6233333333333333,1.0,0.18666666666666668,5.2,52.672000000000004,0.16,0.8,0.29333333333333333,3.8
TRUE,48.275999999999996,0.5366666666666666,1.0,0.17333333333333334,4.4,48.36,0.24666666666666667,0.4,0.05333333333333333,4.6
TRUE,50.688,0.7838461538461539,0.6,0.2,3.4,51.038,0.48,1.0,0.36,5.6
FALSE,47.722,0.6366666666666666,1.0,0.3466666666666666,5.2,50.382000000000005,0.4723809523809524,1.0,0.4533333333333333,3.8
TRUE,51.92,0.5266666666666666,1.0,0.16,3.6,49.824,0.45714285714285713,0.8,0.14666666666666667,5.4
TRUE,48.874,0.5206060606060606,0.8,0.27999999999999997,3.8,48.846000000000004,0.16,0.6,0.07999999999999999,5.2
TRUE,50.32,0.6,0.8,0.22666666666666666,6.2,50.188,0.5666666666666667,0.6,0.18666666666666668,2.8
FALSE,51.023999999999994,0.4533333333333333,1.0,0.24,4.2,49.507999999999996,0.6,1.0,0.12,4.8
TRUE,50.412,0.5666666666666667,0.8,0.17333333333333334,2.4,51.402,0.55,0.6,0.28,6.6
FALSE,50.64999999999999,0.6416666666666667,0.8,0.2,4.2,50.378,0.7666666666666666,1.0,0.28,4.8
TRUE,50.40200000000001,0.48,0.8,0.13333333333333336,4.8,49.148,0.4533333333333333,0.8,0.08,4.2
TRUE,50.746,0.700952380952381,0.8,0.18666666666666668,3.8,49.262,0.44666666666666666,0.4,0.026666666666666665,5.2
FALSE,47.470000000000006,0.6466666666666667,1.0,0.22666666666666666,5.0,50.728,0.7066666666666667,0.8,0.4133333333333333,4.0
FALSE,50.016000000000005,0.21666666666666665,1.0,0.18666666666666668,4.0,49.327999999999996,0.5809523809523809,0.8,0.12,5.0
TRUE,49.858000000000004,0.5399999999999999,1.0,0.14666666666666667,4.4,51.118,0.5599999999999999,0.6,0.16,4.6
TRUE,50.699999999999996,0.38666666666666666,0.8,0.05333333333333333,3.2,52.42,0.43999999999999995,1.0,0.2533333333333333,5.8
FALSE,49.964,0.7,0.4,0.12,5.4,48.91799999999999,0.6876190476190476,1.0,0.09333333333333332,3.6
TRUE,51.354,0.5866666666666667,0.8,0.26666666666666666,4.8,49.254000000000005,0.6133333333333333,0.8,0.16,4.2
FALSE,48.757999999999996,0.30166666666666664,1.0,0.08,5.0,50.372,0.6166666666666667,0.6,0.16,4.0
FALSE,50.514,0.27999999999999997,0.8,0.09333333333333334,3.8,48.971999999999994,0.6933333333333334,0.8,0.21333333333333332,5.2
TRUE,50.094,0.635,0.6,0.32,5.2,52.153999999999996,0.32666666666666666,0.4,0.026666666666666665,3.8
FALSE,47.55,0.38939393939393935,1.0,0.13333333333333333,1.0,48.516,0.49822510822510824,0.2,0.06666666666666667,4.2
FALSE,49.908,0.8111111111111111,0.6,0.12,4.6,48.321999999999996,0.4133333333333333,0.6,0.12,4.4
FALSE,49.774,0.35333333333333333,0.8,0.14666666666666667,4.6,49.798,0.7186324786324787,0.6,0.06666666666666668,4.4
FALSE,51.484,0.6866666666666666,1.0,0.17333333333333334,6.4,49.964,0.701025641025641,0.6,0.06666666666666668,2.6
TRUE,49.608,0.7233333333333334,0.6,0.16,3.8,51.916,0.3897435897435897,0.6,0.14666666666666667,5.2
FALSE,50.774,0.6323809523809524,0.8,0.09333333333333334,5.4,48.396,0.5066666666666666,1.0,0.24,3.6
FALSE,48.838,0.65,0.8,0.2533333333333333,3.6,51.946000000000005,0.6133333333333334,1.0,0.15999999999999998,5.4
TRUE,51.232000000000006,0.58,1.0,0.29333333333333333,4.6,50.468,0.5399999999999999,0.8,0.1733333333333333,4.4
TRUE,51.086,0.4666666666666667,0.8,0.24,6.2,51.44,0.5688888888888888,0.8,0.21333333333333332,2.8
TRUE,49.739999999999995,0.6528571428571428,0.8,0.14666666666666667,5.0,50.334,0.4042424242424242,1.0,0.24,4.0
TRUE,50.172000000000004,0.6544155844155843,0.8,0.22666666666666666,4.8,47.760000000000005,0.24000000000000005,0.8,0.12,4.2
TRUE,51.19199999999999,0.5866666666666667,0.8,0.2,4.4,48.870000000000005,0.5116666666666666,1.0,0.18666666666666668,4.6
TRUE,49.502,0.7533333333333333,0.8,0.13333333333333333,5.4,49.184000000000005,0.4133333333333333,0.6,0.22666666666666666,3.6
TRUE,49.908,0.5466666666666666,0.8,0.37333333333333335,4.4,49.644000000000005,0.5933333333333334,0.8,0.09333333333333334,4.6
TRUE,50.267999999999994,0.4824242424242424,0.4,0.12,4.0,49.84,0.7343589743589743,0.8,0.21333333333333332,5.0
TRUE,48.664,0.4184615384615385,0.8,0.26666666666666666,3.4,50.08200000000001,0.2723809523809524,0.6,0.14666666666666667,1.8
FALSE,51.36,0.45999999999999996,0.8,0.05333333333333333,2.8,51.306,0.4,0.8,0.09333333333333334,6.2
FALSE,50.444,0.32999999999999996,1.0,0.3333333333333333,2.4,49.5,0.4533333333333333,0.8,0.18666666666666668,6.6
FALSE,49.29,0.5066666666666666,0.8,0.29333333333333333,5.2,50.81,0.42000000000000004,0.4,0.06666666666666668,3.8
TRUE,50.7,0.43166666666666664,0.6,0.12,4.2,51.513999999999996,0.7739682539682541,0.8,0.14666666666666667,4.8
TRUE,51.676,0.7564102564102564,0.6,0.18666666666666668,2.0,49.989999999999995,0.37,0.6,0.09333333333333334,5.0
TRUE,49.73800000000001,0.6599999999999999,0.8,0.2,3.6,49.58200000000001,0.42000000000000004,0.8,0.22666666666666666,1.6
FALSE,50.222,0.2,0.8,0.07999999999999999,3.4,51.854,0.38666666666666666,0.8,0.17333333333333334,1.8
FALSE,50.410000000000004,0.4647619047619047,0.6,0.17333333333333334,5.2,49.942,0.6757575757575758,0.6,0.05333333333333333,3.8
FALSE,47.866,0.38666666666666666,1.0,0.36,5.0,46.58,0.6266666666666667,0.6,0.08,4.0
FALSE,50.424,0.14166666666666666,0.6,0.05333333333333333,4.4,51.106,0.6721212121212121,0.8,0.24,4.6
FALSE,51.14,0.40166666666666667,0.6,0.09333333333333334,3.4,51.94000000000001,0.659047619047619,0.8,0.18666666666666665,5.6
FALSE,50.726,0.5333333333333333,1.0,0.30666666666666664,3.8,49.58,0.48166666666666663,0.4,0.05333333333333333,5.2
FALSE,48.971999999999994,0.2571428571428571,1.0,0.10666666666666666,6.2,50.622,0.45555555555555555,0.8,0.37333333333333335,2.8
FALSE,49.536,0.42666666666666664,0.8,0.2,5.0,50.372,0.4116666666666666,0.6,0.18666666666666668,4.0
TRUE,49.99,0.45777777777777773,0.6,0.21333333333333332,3.8,51.74399999999999,0.6260606060606061,0.6,0.12,5.2
FALSE,49.986000000000004,0.31,1.0,0.24,4.2,49.356,0.6083333333333333,0.8,0.07999999999999999,4.8
FALSE,49.804,0.72,0.6,0.06666666666666668,5.8,49.96,0.5638095238095238,1.0,0.24000000000000005,3.2
TRUE,49.446000000000005,0.44666666666666666,1.0,0.29333333333333333,4.2,48.58,0.4533333333333333,1.0,0.2,4.8
FALSE,50.06400000000001,0.5866666666666667,0.4,0.32,3.4,51.812,0.5466666666666666,1.0,0.18666666666666668,5.6
FALSE,50.32,0.4095238095238095,0.8,0.07999999999999999,4.4,49.868,0.6833333333333333,0.6,0.04,4.6
FALSE,50.38,0.27,1.0,0.06666666666666667,1.8,49.878,0.44666666666666666,0.8,0.08,3.4
FALSE,49.85600000000001,0.36,0.8,0.14666666666666667,4.0,49.864,0.6533333333333333,0.8,0.13333333333333333,5.0
FALSE,48.964000000000006,0.6780952380952381,0.8,0.05333333333333333,3.0,48.694,0.38,0.8,0.12,6.0
FALSE,50.674,0.13999999999999999,0.4,0.04,3.2,49.79600000000001,0.3777922077922078,0.4,0.09333333333333334,5.8
TRUE,50.524,0.6333333333333333,0.6,0.13333333333333336,4.6,49.942,0.43238095238095237,0.6,0.17333333333333334,2.4
TRUE,50.262,0.4966666666666667,0.8,0.18666666666666668,5.6,49.876,0.42666666666666664,0.6,0.04,3.4
TRUE,50.86,0.49000000000000005,1.0,0.27999999999999997,3.4,52.586,0.35,0.4,0.04,5.6
TRUE,50.064,0.3488888888888889,1.0,0.22666666666666666,4.6,51.104,0.7326007326007327,1.0,0.2533333333333333,4.4
TRUE,50.386,0.6133333333333333,0.8,0.3466666666666666,3.6,50.114,0.6,0.8,0.26666666666666666,3.4
FALSE,49.48199999999999,0.5133333333333333,0.8,0.12,5.6,50.814,0.5266666666666666,0.8,0.12,3.4
TRUE,52.193999999999996,0.6533333333333333,0.8,0.12,4.2,48.464,0.5647619047619047,1.0,0.14666666666666667,4.8
TRUE,49.739999999999995,0.6619047619047619,0.8,0.22666666666666666,5.4,48.806,0.24,0.8,0.12,3.6
FALSE,51.577999999999996,0.5533333333333333,0.6,0.14666666666666667,3.4,50.464,0.7333333333333333,0.8,0.13333333333333333,5.6
TRUE,49.984,0.6,1.0,0.3333333333333333,5.2,50.64999999999999,0.52,1.0,0.22666666666666666,3.8
TRUE,52.084,0.7333333333333333,0.4,0.13333333333333333,4.8,50.696000000000005,0.6,0.8,0.12000000000000002,4.2
TRUE,48.63000000000001,0.3942857142857143,0.8,0.27999999999999997,4.4,51.236000000000004,0.5033333333333333,0.8,0.13333333333333336,4.6
FALSE,50.784,0.42000000000000004,0.6,0.06666666666666667,3.8,53.498000000000005,0.5866666666666667,1.0,0.12,5.2
FALSE,49.902,0.5199999999999999,0.6,0.18666666666666668,5.0,49.916,0.5927272727272728,1.0,0.14666666666666667,4.0
FALSE,49.11,0.6866666666666666,1.0,0.2533333333333333,4.0,51.52399999999999,0.7514285714285714,0.8,0.15999999999999998,5.0
FALSE,52.45,0.6327272727272727,0.8,0.3733333333333333,3.6,49.51800000000001,0.5766666666666667,0.8,0.13333333333333336,5.4
FALSE,49.96,0.4066666666666666,1.0,0.18666666666666668,4.8,49.734,0.5504761904761905,1.0,0.18666666666666668,4.2
FALSE,48.596000000000004,0.5333333333333333,0.6,0.05333333333333333,4.4,49.142,0.6666666666666667,0.6,0.17333333333333334,4.6
FALSE,50.800000000000004,0.36,0.8,0.13333333333333333,5.6,49.792,0.540952380952381,0.8,0.26666666666666666,3.4
TRUE,51.0,0.5866666666666667,0.8,0.14666666666666667,3.8,50.916000000000004,0.5533333333333332,0.8,0.13333333333333336,5.2
TRUE,49.662,0.7233333333333334,1.0,0.26666666666666666,4.2,47.084,0.36,1.0,0.24,4.8
TRUE,48.83,0.5833333333333333,0.8,0.10666666666666666,5.2,50.96,0.24,0.6,0.10666666666666666,3.8
TRUE,50.952000000000005,0.3866666666666667,1.0,0.1733333333333333,3.6,49.144000000000005,0.1,0.6,0.09333333333333334,3.4
TRUE,51.516,0.5866666666666667,0.8,0.12,0.8,50.412,0.36666666666666664,0.4,0.026666666666666665,2.8
FALSE,48.98199999999999,0.7866666666666666,0.8,0.24,4.4,49.594,0.7260606060606061,0.6,0.12,4.6
TRUE,50.330000000000005,0.5592673992673993,0.6,0.04,4.8,50.04200000000001,0.23666666666666666,1.0,0.12,2.2
FALSE,50.19,0.4280952380952381,0.8,0.17333333333333334,5.0,52.416,0.6051282051282051,1.0,0.3333333333333333,4.0
FALSE,49.212,0.39666666666666667,0.6,0.21333333333333332,2.0,50.166000000000004,0.38,0.8,0.18666666666666668,7.0
FALSE,49.366,0.4342857142857143,0.8,0.18666666666666668,1.0,50.146,0.5587301587301587,1.0,0.3733333333333333,4.2
FALSE,49.138000000000005,0.47000000000000003,0.6,0.10666666666666669,2.4,50.251999999999995,0.42666666666666664,1.0,0.4533333333333333,6.6
FALSE,50.604,0.5333333333333333,0.8,0.17333333333333334,3.8,48.876,0.4533333333333333,0.8,0.21333333333333332,5.2
TRUE,51.102000000000004,0.5933333333333333,0.8,0.13333333333333333,5.2,51.096000000000004,0.7377777777777778,1.0,0.3333333333333333,3.8
TRUE,50.147999999999996,0.49333333333333335,0.8,0.27999999999999997,4.8,50.042,0.47714285714285715,0.6,0.13333333333333336,4.2
TRUE,51.12200000000001,0.6,0.4,0.04,4.4,51.128,0.42666666666666664,1.0,0.2,4.6
FALSE,48.85,0.6933333333333332,0.6,0.04,3.4,49.437999999999995,0.4033333333333333,0.8,0.06666666666666667,5.6
FALSE,48.525999999999996,0.78,0.8,0.09333333333333334,4.0,49.888,0.62,0.8,0.12,5.0
TRUE,49.483999999999995,0.6126007326007326,1.0,0.22666666666666666,6.4,49.596000000000004,0.5984615384615385,0.6,0.12000000000000002,2.6
FALSE,49.886,0.44666666666666666,0.8,0.12,5.8,49.672000000000004,0.3166666666666667,1.0,0.18666666666666668,3.2
FALSE,49.116,0.6456410256410257,0.6,0.15999999999999998,3.0,50.03,0.8547619047619047,0.8,0.10666666666666666,6.0
FALSE,51.402,0.546111111111111,0.8,0.12,2.8,51.827999999999996,0.37333333333333335,0.8,0.10666666666666666,6.2
TRUE,48.65,0.54,1.0,0.2533333333333333,2.6,51.751999999999995,0.5733333333333334,1.0,0.2666666666666667,6.4
FALSE,50.6,0.6133333333333334,0.4,0.16,5.8,51.641999999999996,0.7699999999999999,0.6,0.16,3.2
FALSE,49.158,0.6133333333333333,0.8,0.12,4.6,51.010000000000005,0.45714285714285713,0.8,0.06666666666666667,4.4
TRUE,51.604000000000006,0.6,1.0,0.18666666666666665,4.2,48.18,0.5844444444444444,0.8,0.32,4.8
TRUE,51.715999999999994,0.37333333333333335,0.6,0.05333333333333333,4.0,49.448,0.4333333333333333,1.0,0.38666666666666666,5.0
TRUE,52.254000000000005,0.5999999999999999,0.6,0.08,4.0,50.602,0.3866666666666666,1.0,0.21333333333333332,5.0
FALSE,51.58,0.3333333333333333,0.6,0.13333333333333333,4.4,49.55,0.7100000000000001,1.0,0.07999999999999999,4.6
TRUE,50.61,0.6177777777777778,0.8,0.13333333333333333,4.0,50.404,0.6030769230769231,0.8,0.24,5.0
TRUE,49.216,0.5406060606060606,1.0,0.27999999999999997,4.6,51.188,0.0,0.6,0.04,4.4
FALSE,50.958000000000006,0.42666666666666664,1.0,0.4666666666666666,3.0,50.072,0.4224242424242425,1.0,0.2,6.0
FALSE,50.372,0.6054545454545455,0.8,0.17333333333333334,4.6,52.254,0.48571428571428565,0.8,0.12,4.4
FALSE,50.972,0.5333333333333333,1.0,0.10666666666666666,6.4,50.12599999999999,0.5219047619047619,0.8,0.10666666666666666,2.6
FALSE,50.764,0.39999999999999997,0.8,0.12,4.2,48.91,0.6316666666666666,0.8,0.13333333333333333,4.8
FALSE,49.246,0.4269230769230769,1.0,0.2,5.6,49.821999999999996,0.5421428571428571,0.8,0.21333333333333332,3.4
FALSE,49.760000000000005,0.375,0.6,0.05333333333333333,3.0,50.452,0.6263203463203464,0.8,0.09333333333333334,4.0
FALSE,51.150000000000006,0.4333333333333333,1.0,0.2,3.0,50.80400000000001,0.5266666666666666,0.8,0.3066666666666667,6.0
FALSE,48.848,0.6242857142857142,0.8,0.09333333333333334,3.6,50.512,0.52,0.6,0.24,3.4
FALSE,51.230000000000004,0.7176190476190476,0.8,0.10666666666666666,4.8,48.762,0.6666666666666667,1.0,0.4533333333333333,4.2
FALSE,50.09,0.6133333333333334,0.8,0.16,4.6,51.489999999999995,0.44000000000000006,1.0,0.17333333333333334,4.4
FALSE,52.05799999999999,0.2966666666666667,0.6,0.12,2.8,49.5,0.6838095238095238,1.0,0.13333333333333333,6.2
FALSE,49.664,0.36,0.8,0.12,3.6,49.51,0.4476923076923077,1.0,0.13333333333333336,5.4
TRUE,49.17,0.7999999999999999,0.4,0.08,4.4,50.166,0.27,0.8,0.09333333333333334,4.6
FALSE,47.75599999999999,0.2594871794871795,0.4,0.22666666666666666,1.4,51.260000000000005,0.7666666666666667,0.4,0.05333333333333333,2.2
TRUE,50.358000000000004,0.7,0.8,0.22666666666666666,1.6,51.676,0.6933333333333334,0.8,0.14666666666666667,2.0
TRUE,50.358000000000004,0.7,0.8,0.22666666666666666,1.6,51.676,0.6933333333333334,0.8,0.14666666666666667,2.0
FALSE,49.788,0.5666666666666667,1.0,0.14666666666666667,-0.2,50.160000000000004,0.7142857142857142,0.6,0.14666666666666667,3.8
TRUE,50.35,0.5866666666666667,1.0,0.3066666666666667,4.0,48.302,0.32095238095238093,0.8,0.13333333333333333,5.0
TRUE,50.019999999999996,0.6276190476190475,1.0,0.36,5.4,50.184,0.5333333333333333,0.4,0.08,3.6
FALSE,49.056,0.26,0.8,0.30666666666666664,5.8,49.534000000000006,0.67,0.6,0.13333333333333336,3.2
FALSE,52.041999999999994,0.22666666666666666,0.8,0.14666666666666667,5.0,51.106,0.6266666666666667,0.8,0.27999999999999997,2.0
TRUE,50.054,0.7866666666666667,0.8,0.06666666666666668,4.6,51.894000000000005,0.24444444444444446,0.6,0.06666666666666667,2.4
TRUE,49.486000000000004,0.6176190476190475,0.6,0.04,6.4,49.886,0.5006060606060606,1.0,0.2533333333333333,2.6
FALSE,50.85999999999999,0.24666666666666667,1.0,0.10666666666666666,5.6,49.846,0.58,0.8,0.10666666666666666,3.4
TRUE,49.888,0.52,1.0,0.27999999999999997,5.4,48.647999999999996,0.48,0.8,0.16,3.6
FALSE,50.620000000000005,0.35,0.8,0.12000000000000002,5.2,49.931999999999995,0.4792424242424242,0.6,0.05333333333333333,3.8
TRUE,50.39200000000001,0.4366666666666667,0.4,0.06666666666666668,4.6,50.13799999999999,0.24,0.8,0.16,4.4
TRUE,51.31,0.31333333333333335,0.8,0.06666666666666667,5.2,48.995999999999995,0.599047619047619,0.8,0.06666666666666667,3.8
FALSE,49.4,0.42000000000000004,0.6,0.14666666666666667,4.4,51.072,0.6033333333333333,1.0,0.14666666666666667,4.6
FALSE,52.36199999999999,0.5533333333333333,0.8,0.26666666666666666,3.4,49.434000000000005,0.6794871794871795,1.0,0.2533333333333333,5.6
FALSE,50.693999999999996,0.5943589743589743,0.8,0.18666666666666668,3.4,50.989999999999995,0.5533333333333335,0.8,0.16,5.6
FALSE,50.454,0.7517948717948718,0.8,0.27999999999999997,5.8,47.532000000000004,0.2533333333333333,0.8,0.08,3.2
TRUE,49.428,0.48,0.4,0.18666666666666668,2.8,50.878,0.4057142857142857,0.8,0.18666666666666668,6.2
TRUE,49.07000000000001,0.6066666666666667,0.8,0.14666666666666667,5.6,49.254000000000005,0.44000000000000006,1.0,0.26666666666666666,3.4
FALSE,51.73,0.6533333333333333,0.8,0.12,3.0,51.446000000000005,0.5,0.2,0.04,6.0
TRUE,48.989999999999995,0.7,1.0,0.3333333333333333,5.0,48.822,0.3333333333333333,0.8,0.06666666666666667,4.0
FALSE,51.878,0.4866666666666667,1.0,0.17333333333333334,5.2,51.66600000000001,0.54,0.6,0.13333333333333333,3.8
TRUE,51.291999999999994,0.5176190476190476,0.6,0.06666666666666668,4.4,50.462,0.54,0.6,0.04,4.6
FALSE,48.856,0.43247863247863244,0.6,0.18666666666666668,6.4,49.176,0.6739393939393941,0.8,0.3333333333333333,2.6
FALSE,51.034,0.48666666666666664,0.8,0.17333333333333334,4.4,49.224000000000004,0.7216666666666666,0.6,0.06666666666666667,4.6
TRUE,50.17,0.8261904761904763,0.8,0.13333333333333336,4.8,49.434000000000005,0.36666666666666664,1.0,0.10666666666666666,4.2
TRUE,51.7,0.800952380952381,1.0,0.12,5.6,49.16,0.6,0.6,0.21333333333333332,3.4
TRUE,48.998000000000005,0.52,1.0,0.18666666666666668,3.2,50.614,0.6333333333333334,1.0,0.2,5.8
TRUE,49.586,0.6133333333333333,0.8,0.27999999999999997,3.6,49.856,0.3666666666666666,0.8,0.08,5.4
TRUE,51.303999999999995,0.6483333333333333,0.8,0.25333333333333335,6.4,47.648,0.49743589743589745,1.0,0.16,2.6
TRUE,50.404,0.4766666666666667,1.0,0.14666666666666667,3.2,51.334,0.28424242424242424,0.8,0.19999999999999998,5.8
FALSE,47.955999999999996,0.6095238095238095,0.6,0.09333333333333334,3.8,50.80999999999999,0.7466666666666667,0.6,0.09333333333333334,5.2
FALSE,49.476,0.6288888888888888,0.6,0.04,3.2,49.708000000000006,0.5555555555555556,0.8,0.2533333333333333,5.8
FALSE,48.510000000000005,0.31487179487179484,0.8,0.21333333333333332,5.0,49.92999999999999,0.6488888888888888,1.0,0.2,4.0
FALSE,48.470000000000006,0.3063203463203463,0.8,0.12,4.6,50.71,0.6266666666666666,1.0,0.27999999999999997,4.4
FALSE,51.544000000000004,0.4133333333333333,0.8,0.14666666666666667,2.8,48.220000000000006,0.7466666666666667,0.8,0.14666666666666667,6.2
TRUE,50.269999999999996,0.43999999999999995,1.0,0.13333333333333336,3.8,49.938,0.4349206349206349,0.6,0.12,5.2
TRUE,51.948,0.7561904761904762,0.8,0.18666666666666668,5.2,50.472,0.41833333333333333,1.0,0.16,3.8
FALSE,50.232000000000006,0.6633333333333333,1.0,0.12,5.0,52.032000000000004,0.5366666666666666,0.6,0.09333333333333334,4.0
TRUE,48.914,0.4990476190476191,1.0,0.21333333333333332,5.4,49.802,0.45757575757575764,1.0,0.21333333333333332,3.6
TRUE,51.14,0.5776923076923077,1.0,0.13333333333333333,4.4,51.458000000000006,0.3833333333333333,0.8,0.05333333333333333,4.6
TRUE,50.138000000000005,0.498974358974359,0.8,0.24000000000000005,5.4,49.196000000000005,0.3333333333333333,0.4,0.10666666666666666,3.6
FALSE,49.93599999999999,0.49512820512820516,0.8,0.21333333333333332,5.0,47.54600000000001,0.5066666666666666,0.8,0.10666666666666666,4.0
TRUE,48.502,0.5733333333333334,0.8,0.18666666666666668,4.0,49.984,0.5266666666666666,1.0,0.26666666666666666,5.0
FALSE,49.156000000000006,0.6533333333333333,0.6,0.14666666666666667,5.4,51.132,0.58,1.0,0.36,3.6
TRUE,51.471999999999994,0.6533333333333333,0.8,0.18666666666666668,5.2,50.394000000000005,0.7123809523809524,0.2,0.013333333333333332,3.8
FALSE,50.16,0.22666666666666666,0.4,0.14666666666666667,5.4,49.162,0.6072727272727272,0.8,0.39999999999999997,3.6
FALSE,48.95,0.5628571428571428,0.6,0.10666666666666666,4.0,51.17,0.6599999999999999,1.0,0.14666666666666667,5.0
FALSE,49.452,0.18,0.8,0.16,5.6,50.33,0.49000000000000005,0.8,0.13333333333333333,3.4
TRUE,51.646,0.6323076923076923,1.0,0.21333333333333332,4.4,51.458000000000006,0.4066666666666666,0.6,0.13333333333333333,4.6
TRUE,50.602000000000004,0.5966666666666667,0.4,0.18666666666666668,5.2,50.172000000000004,0.4342857142857143,1.0,0.14666666666666667,3.8
FALSE,51.541999999999994,0.5733333333333334,0.8,0.09333333333333334,4.4,50.678,0.45999999999999996,1.0,0.2,4.6
TRUE,51.94199999999999,0.7995238095238095,0.8,0.14666666666666667,4.8,51.55800000000001,0.61,0.8,0.32,4.2
FALSE,49.83,0.4628571428571428,1.0,0.17333333333333334,3.2,48.160000000000004,0.5733333333333334,0.8,0.16,5.8
TRUE,49.032000000000004,0.5566666666666666,0.8,0.07999999999999999,5.4,52.29200000000001,0.52,0.6,0.09333333333333334,3.6
TRUE,51.444,0.6761904761904762,0.8,0.18666666666666668,3.6,50.19199999999999,0.5190909090909092,0.6,0.06666666666666667,5.4
TRUE,50.90400000000001,0.6723809523809524,1.0,0.31999999999999995,3.8,49.81,0.6933333333333334,1.0,0.17333333333333334,5.2
FALSE,49.874,0.7066666666666668,0.6,0.22666666666666666,7.0,48.647999999999996,0.5866666666666667,0.8,0.2,2.0
FALSE,48.081999999999994,0.5933333333333334,0.8,0.10666666666666666,5.0,50.514,0.572991452991453,0.8,0.17333333333333334,4.0
FALSE,48.968,0.7466666666666667,0.8,0.08,7.0,49.548,0.42666666666666664,0.8,0.10666666666666666,2.0
FALSE,47.292,0.3,0.8,0.13333333333333336,4.4,52.565999999999995,0.5523809523809524,0.6,0.22666666666666666,4.6
FALSE,50.41799999999999,0.4333333333333333,1.0,0.22666666666666666,4.6,52.44,0.6028571428571429,1.0,0.17333333333333334,4.4
FALSE,48.94200000000001,0.6361904761904762,0.8,0.09333333333333334,5.2,49.152,0.8133333333333332,0.4,0.17333333333333334,3.8
TRUE,50.64399999999999,0.5695238095238095,0.8,0.06666666666666667,5.6,50.17,0.5228571428571429,0.6,0.13333333333333333,3.4
TRUE,51.956,0.5733333333333334,0.2,0.013333333333333332,3.2,49.678,0.52,1.0,0.21333333333333332,5.8
FALSE,50.984,0.4600000000000001,1.0,0.18666666666666668,5.6,49.394000000000005,0.4704761904761905,0.8,0.12,3.4
FALSE,49.251999999999995,0.6466666666666667,1.0,0.17333333333333334,4.8,51.303999999999995,0.667142857142857,0.8,0.2,4.2
TRUE,48.768,0.6866666666666668,0.8,0.05333333333333333,4.8,51.462,0.5866666666666667,1.0,0.38666666666666666,4.2
TRUE,48.768,0.6866666666666668,0.8,0.05333333333333333,4.8,51.462,0.5866666666666667,1.0,0.38666666666666666,4.2
FALSE,50.12,0.4666666666666667,1.0,0.12,4.6,47.972,0.39333333333333337,0.8,0.17333333333333334,4.4
FALSE,52.174,0.5399999999999999,0.8,0.13333333333333336,4.0,49.9,0.6133333333333334,0.8,0.12,5.0
FALSE,50.906,0.3,0.4,0.07999999999999999,4.2,51.54,0.3333333333333333,0.4,0.04,4.8
FALSE,51.372,0.4533333333333333,0.8,0.18666666666666665,4.6,50.226000000000006,0.65,0.8,0.10666666666666666,4.4
FALSE,48.577999999999996,0.27999999999999997,0.6,0.12,3.0,49.172000000000004,0.5965567765567765,1.0,0.2533333333333333,6.0
TRUE,50.966,0.4,0.6,0.07999999999999999,4.0,50.803999999999995,0.42333333333333334,0.8,0.15999999999999998,5.0
TRUE,50.952,0.5,1.0,0.15999999999999998,1.8,51.86999999999999,0.42000000000000004,0.6,0.04,3.4
FALSE,49.204,0.18666666666666668,0.4,0.08,3.8,50.504000000000005,0.5133333333333334,0.8,0.22666666666666666,5.2
TRUE,51.102,0.47000000000000003,1.0,0.29333333333333333,4.4,49.608000000000004,0.5435897435897437,0.4,0.04,4.6
TRUE,49.016,0.6222222222222221,1.0,0.21333333333333332,3.4,48.762,0.49333333333333335,0.6,0.06666666666666667,5.6
TRUE,51.803999999999995,0.64,0.8,0.2533333333333333,5.2,48.978,0.51,0.8,0.27999999999999997,3.8
FALSE,50.550000000000004,0.5866666666666667,1.0,0.2533333333333333,5.0,49.794000000000004,0.42000000000000004,0.6,0.06666666666666667,4.0
FALSE,51.958000000000006,0.49833333333333335,1.0,0.21333333333333332,5.4,51.626,0.5603030303030303,1.0,0.22666666666666666,3.6
TRUE,52.044000000000004,0.5355555555555556,0.8,0.08,5.8,52.33399999999999,0.1511111111111111,0.8,0.07999999999999999,3.2
FALSE,48.928000000000004,0.4333333333333333,1.0,0.30666666666666664,5.0,50.432,0.49523809523809526,1.0,0.18666666666666668,4.0
FALSE,49.674,0.4909090909090909,0.8,0.09333333333333334,4.2,49.112,0.7644444444444445,0.6,0.12000000000000002,2.8
FALSE,49.574,0.21333333333333332,1.0,0.16,3.6,51.322,0.6399999999999999,0.6,0.2533333333333333,5.4
TRUE,50.416000000000004,0.5266666666666666,0.4,0.05333333333333333,4.2,49.348,0.42666666666666664,1.0,0.13333333333333336,4.8
FALSE,48.694,0.7466666666666667,0.8,0.17333333333333334,3.8,48.572,0.4966666666666667,0.6,0.1733333333333333,5.2
TRUE,51.428,0.6904761904761905,0.8,0.22666666666666666,5.2,51.884,0.6,0.8,0.12,3.8
FALSE,49.513999999999996,0.5019047619047619,0.6,0.10666666666666666,3.0,51.577999999999996,0.5521428571428572,0.6,0.22666666666666666,6.0
TRUE,49.983999999999995,0.6742857142857143,0.8,0.08,5.6,48.023999999999994,0.38666666666666666,0.8,0.14666666666666667,3.4
FALSE,50.263999999999996,0.3466666666666667,1.0,0.29333333333333333,5.2,49.964000000000006,0.67,0.8,0.18666666666666668,3.8
TRUE,51.37800000000001,0.4375757575757576,0.6,0.22666666666666666,5.2,48.540000000000006,0.475,1.0,0.16,3.8
TRUE,49.238,0.4866666666666667,1.0,0.07999999999999999,4.8,48.914,0.5466666666666666,1.0,0.24,4.2
FALSE,50.644,0.45999999999999996,0.8,0.18666666666666668,4.2,50.17,0.6083333333333333,0.6,0.05333333333333333,4.8
FALSE,50.224000000000004,0.8,1.0,0.1733333333333333,4.8,50.321999999999996,0.6971428571428572,0.8,0.16,4.2
FALSE,49.028000000000006,0.46974358974358976,0.8,0.09333333333333334,2.2,49.098,0.6390476190476191,0.8,0.07999999999999999,6.8
TRUE,51.174,0.4276190476190476,1.0,0.14666666666666667,5.4,50.116,0.6357142857142857,0.8,0.12,3.6
FALSE,49.61,0.46564102564102566,0.8,0.2666666666666667,4.4,51.342,0.6333333333333333,0.6,0.16,4.6
TRUE,50.007999999999996,0.5542857142857143,0.6,0.12,6.0,49.534000000000006,0.6133333333333334,0.8,0.31999999999999995,3.0
FALSE,48.35600000000001,0.5466666666666666,0.8,0.18666666666666665,4.2,49.864000000000004,0.5733333333333335,0.8,0.07999999999999999,4.8
FALSE,49.379999999999995,0.3904761904761905,1.0,0.16,4.6,50.538000000000004,0.3961904761904762,0.8,0.12,4.4
FALSE,49.448,0.6533333333333333,1.0,0.26666666666666666,5.4,49.124,0.4933333333333333,1.0,0.22666666666666666,3.6
FALSE,49.769999999999996,0.4523076923076923,0.6,0.08,6.4,51.848,0.6333333333333334,1.0,0.18666666666666668,2.6
FALSE,51.54,0.5066666666666666,1.0,0.13333333333333336,4.0,50.492000000000004,0.5863736263736263,1.0,0.09333333333333332,5.0
TRUE,50.157999999999994,0.48,1.0,0.29333333333333333,5.4,48.354,0.6333333333333333,1.0,0.18666666666666668,3.6
FALSE,50.05200000000001,0.4666666666666667,0.6,0.16,2.8,49.202,0.5733333333333334,1.0,0.26666666666666666,6.2
TRUE,52.548,0.62,1.0,0.14666666666666667,2.2,50.682,0.24358974358974356,0.8,0.14666666666666667,6.8
TRUE,49.6,0.5075524475524475,0.6,0.21333333333333332,6.0,49.558,0.42666666666666664,1.0,0.27999999999999997,3.0
FALSE,48.25,0.48888888888888893,1.0,0.16,3.8,50.056000000000004,0.758095238095238,0.8,0.09333333333333334,5.2
TRUE,51.754,0.36761904761904757,0.6,0.18666666666666668,4.4,48.428,0.43179487179487175,1.0,0.36,4.6
FALSE,49.970000000000006,0.6199999999999999,0.4,0.16,4.8,50.205999999999996,0.4012121212121212,0.6,0.16,4.2
TRUE,50.96999999999999,0.5155555555555555,1.0,0.44000000000000006,2.8,49.97,0.8266666666666665,0.4,0.07999999999999999,6.2
TRUE,49.724000000000004,0.45999999999999996,0.4,0.17333333333333334,4.2,49.766,0.2,0.8,0.06666666666666668,4.8
FALSE,51.73,0.21333333333333332,0.8,0.09333333333333334,2.2,48.010000000000005,0.44000000000000006,1.0,0.22666666666666666,3.0
FALSE,48.854,0.6133333333333334,1.0,0.29333333333333333,6.4,52.194,0.6066666666666667,0.8,0.2,2.6
TRUE,50.128,0.7436363636363637,0.6,0.27999999999999997,4.4,52.90599999999999,0.5866666666666667,1.0,0.3466666666666666,4.6
TRUE,51.54200000000001,0.6157575757575757,1.0,0.5466666666666666,5.0,49.932,0.6399999999999999,0.8,0.24,4.0
FALSE,47.842,0.2666666666666667,1.0,0.27999999999999997,5.8,51.684000000000005,0.5,0.8,0.06666666666666667,3.2
FALSE,48.589999999999996,0.42000000000000004,1.0,0.4000000000000001,4.0,51.156,0.6133333333333333,1.0,0.2533333333333333,5.0
FALSE,49.484,0.7066666666666668,1.0,0.18666666666666668,6.0,49.39,0.6155555555555556,1.0,0.21333333333333332,3.0
TRUE,49.586,0.3538461538461538,1.0,0.09333333333333332,4.0,49.772000000000006,0.5555555555555556,0.8,0.2533333333333333,5.0
FALSE,50.108,0.3866666666666667,1.0,0.12,3.8,48.504,0.6133333333333334,0.6,0.14666666666666667,5.2
TRUE,50.238,0.7,0.6,0.18666666666666668,4.4,49.67,0.5666666666666667,1.0,0.24,4.6
FALSE,50.904,0.35,1.0,0.12,3.6,50.256,0.6438095238095237,0.8,0.26666666666666666,5.4
FALSE,49.964,0.5923809523809525,0.6,0.08,4.6,51.272000000000006,0.6900000000000001,0.8,0.18666666666666668,4.4
FALSE,50.136,0.5533333333333333,0.6,0.05333333333333333,3.2,48.5,0.18666666666666668,1.0,0.12,5.8
TRUE,51.227999999999994,0.5233333333333332,1.0,0.12,4.4,48.474000000000004,0.19666666666666668,1.0,0.14666666666666667,4.6
FALSE,50.01,0.19333333333333333,0.6,0.24,3.0,48.354,0.38666666666666666,0.4,0.04,6.0
TRUE,49.958000000000006,0.58,0.6,0.12,3.4,49.806,0.5435897435897437,1.0,0.06666666666666667,5.6
FALSE,51.062,0.5044444444444445,0.8,0.12,3.8,48.288,0.683076923076923,0.8,0.06666666666666668,5.2
TRUE,50.14,0.5999999999999999,0.2,0.026666666666666665,3.8,49.88,0.446060606060606,0.8,0.4,5.2
FALSE,49.724000000000004,0.4666666666666667,0.6,0.16,3.8,50.76800000000001,0.33999999999999997,1.0,0.12,5.2
TRUE,48.692,0.6789743589743591,0.8,0.13333333333333336,5.0,46.596000000000004,0.4133333333333334,1.0,0.17333333333333334,4.0
TRUE,51.24400000000001,0.7533333333333333,0.6,0.18666666666666668,5.2,49.443999999999996,0.36,0.6,0.12,3.8
TRUE,48.582,0.4766666666666667,0.6,0.2,4.4,50.17999999999999,0.36,0.6,0.10666666666666666,4.6
TRUE,49.348,0.39230769230769236,0.8,0.16,3.6,48.342,0.32999999999999996,0.6,0.06666666666666667,5.4
FALSE,50.88000000000001,0.4166666666666667,1.0,0.26666666666666666,6.0,51.25,0.5700000000000001,0.8,0.22666666666666666,3.0
FALSE,50.06,0.6083333333333333,1.0,0.15999999999999998,5.6,50.262,0.540952380952381,0.8,0.2,3.4
FALSE,51.123999999999995,0.44051282051282054,0.6,0.09333333333333334,4.2,48.891999999999996,0.6676190476190477,0.6,0.21333333333333332,4.8
FALSE,49.074,0.37333333333333335,1.0,0.4533333333333333,5.4,50.49399999999999,0.5933333333333335,1.0,0.27999999999999997,3.6
TRUE,50.910000000000004,0.41,0.4,0.04,1.6,49.788000000000004,0.22666666666666666,0.6,0.07999999999999999,3.6
FALSE,50.66199999999999,0.6399999999999999,0.6,0.24,5.0,50.45799999999999,0.6933333333333334,0.6,0.09333333333333332,4.0
FALSE,49.216,0.7333333333333333,0.4,0.06666666666666668,5.0,50.346,0.3666666666666667,1.0,0.15999999999999998,4.0
FALSE,50.516000000000005,0.6866666666666666,1.0,0.4133333333333333,3.4,50.516,0.56,0.8,0.16,5.6
TRUE,49.874,0.43,0.6,0.18666666666666668,4.0,51.312,0.52,0.6,0.08,5.0
FALSE,51.358000000000004,0.16923076923076924,0.4,0.17333333333333334,3.2,51.541999999999994,0.6485714285714286,0.6,0.08,3.8
TRUE,49.278,0.42000000000000004,0.6,0.06666666666666667,5.4,49.986000000000004,0.6799999999999999,1.0,0.10666666666666666,3.6
TRUE,48.91199999999999,0.6224242424242424,0.8,0.24,4.6,51.372,0.73992673992674,0.6,0.10666666666666666,4.4
TRUE,51.004000000000005,0.3333333333333333,1.0,0.2533333333333333,4.2,49.05,0.3666666666666667,0.8,0.13333333333333336,4.8
FALSE,48.489999999999995,0.5323809523809524,0.8,0.06666666666666668,5.4,52.467999999999996,0.5523809523809524,0.8,0.2,3.6
TRUE,50.65,0.7333333333333333,1.0,0.26666666666666666,4.8,49.916000000000004,0.7114285714285714,0.8,0.05333333333333333,4.2
FALSE,50.43000000000001,0.34564102564102567,0.8,0.10666666666666666,3.8,49.352,0.6511111111111112,0.6,0.2,5.2
TRUE,51.334,0.8,1.0,0.2,5.8,47.616,0.4,1.0,0.18666666666666668,3.2
FALSE,50.39,0.7566666666666666,0.6,0.10666666666666666,1.2,49.504,0.5871861471861473,0.8,0.18666666666666668,5.8
FALSE,49.622,0.6742857142857143,0.6,0.12000000000000002,4.6,49.467999999999996,0.4066666666666666,1.0,0.21333333333333332,4.4
FALSE,48.958,0.25,1.0,0.18666666666666668,4.2,50.65400000000001,0.638095238095238,0.8,0.14666666666666667,4.8
FALSE,50.40599999999999,0.46333333333333326,1.0,0.3866666666666666,3.4,50.99400000000001,0.9142857142857143,0.8,0.05333333333333333,1.8
FALSE,50.40599999999999,0.46333333333333326,1.0,0.3866666666666666,3.4,50.99400000000001,0.9142857142857143,0.8,0.05333333333333333,1.8
FALSE,48.05800000000001,0.341025641025641,0.8,0.09333333333333334,3.4,51.61999999999999,0.5583333333333333,0.6,0.06666666666666667,5.6
TRUE,49.518,0.6361904761904762,0.4,0.14666666666666667,5.0,49.434000000000005,0.5933333333333333,1.0,0.3866666666666667,4.0
FALSE,50.190000000000005,0.5266666666666666,0.6,0.05333333333333333,3.4,51.906000000000006,0.5976190476190476,1.0,0.14666666666666667,5.6
FALSE,52.736000000000004,0.55,0.6,0.13333333333333333,3.4,50.544,0.78,0.8,0.17333333333333334,5.6
FALSE,50.738,0.4342857142857143,0.8,0.09333333333333334,3.8,48.559999999999995,0.47428571428571437,1.0,0.21333333333333332,5.2
FALSE,49.062,0.4904761904761904,0.8,0.17333333333333334,5.0,49.42,0.5733333333333334,0.8,0.17333333333333334,4.0
TRUE,51.908,0.5066666666666666,0.6,0.16,4.8,49.068000000000005,0.3733333333333333,0.8,0.22666666666666666,4.2
FALSE,52.21600000000001,0.48,0.8,0.21333333333333332,5.8,50.44799999999999,0.5995959595959597,0.8,0.2,3.2
FALSE,50.209999999999994,0.5133333333333333,0.4,0.06666666666666667,3.8,51.286,0.4966666666666667,1.0,0.15999999999999998,5.2
FALSE,49.42400000000001,0.5799999999999998,0.6,0.04,5.0,51.760000000000005,0.5,0.8,0.05333333333333333,4.0
FALSE,51.538,0.67,1.0,0.17333333333333334,4.8,50.208,0.44761904761904764,0.8,0.14666666666666667,4.2
FALSE,48.75,0.52,0.8,0.22666666666666666,4.0,50.756,0.5199999999999999,0.8,0.16,5.0
TRUE,50.392,0.72,0.8,0.10666666666666666,2.6,49.592,0.6558441558441558,0.8,0.21333333333333332,4.4
TRUE,49.17,0.75,1.0,0.2,4.0,47.754000000000005,0.36,1.0,0.07999999999999999,5.0
FALSE,51.284000000000006,0.3897435897435898,1.0,0.28,5.8,51.19,0.46333333333333326,0.8,0.21333333333333332,3.2
TRUE,50.772000000000006,0.4,1.0,0.12,5.4,52.27,0.30727272727272725,0.8,0.29333333333333333,3.6
TRUE,50.196000000000005,0.8133333333333332,0.8,0.2,3.2,50.314,0.5333333333333334,0.8,0.27999999999999997,5.8
FALSE,49.364,0.23272727272727273,0.6,0.13333333333333333,5.2,51.206,0.7377777777777779,0.6,0.09333333333333334,3.8
FALSE,50.704,0.6841025641025641,1.0,0.1733333333333333,4.4,49.676,0.7033333333333334,0.8,0.13333333333333336,4.6
FALSE,47.50600000000001,0.30666666666666664,0.8,0.17333333333333334,3.4,50.41799999999999,0.5010606060606061,0.6,0.27999999999999997,5.6
FALSE,47.76199999999999,0.5399999999999999,0.6,0.08,4.6,51.384,0.780952380952381,0.8,0.10666666666666666,4.4
TRUE,48.572,0.5266666666666666,0.8,0.15999999999999998,4.2,50.120000000000005,0.4557142857142857,0.8,0.1733333333333333,4.8
FALSE,49.224000000000004,0.4533333333333333,0.8,0.08,4.6,51.84400000000001,0.7333333333333333,0.8,0.12,4.4
FALSE,48.86,0.5166666666666666,0.6,0.07999999999999999,4.6,48.260000000000005,0.375011655011655,0.8,0.08,4.4
TRUE,50.988,0.42666666666666664,0.4,0.22666666666666666,4.8,49.141999999999996,0.5,0.8,0.16,4.2
FALSE,50.976,0.37333333333333335,0.8,0.32,6.0,49.23199999999999,0.6733333333333333,0.8,0.2,3.0
FALSE,48.51199999999999,0.5533333333333333,1.0,0.22666666666666666,3.6,49.676,0.7377777777777779,0.2,0.06666666666666667,5.4
FALSE,50.32000000000001,0.32999999999999996,1.0,0.13333333333333336,3.0,49.468,0.64,0.8,0.09333333333333334,6.0
FALSE,49.94,0.4539393939393939,0.8,0.18666666666666668,4.4,52.38399999999999,0.6590909090909091,0.6,0.2533333333333333,4.6
TRUE,49.88,0.58,0.6,0.05333333333333333,2.4,50.532,0.22000000000000003,0.6,0.05333333333333333,6.6
FALSE,50.662,0.49880341880341883,0.4,0.15999999999999998,5.0,50.708000000000006,0.7733333333333332,0.8,0.21333333333333332,4.0
TRUE,51.053999999999995,0.6266666666666667,0.6,0.05333333333333333,3.8,50.854,0.4895238095238096,0.6,0.15999999999999998,5.2
FALSE,48.984,0.4076190476190476,1.0,0.09333333333333334,4.0,52.053999999999995,0.519090909090909,0.8,0.1733333333333333,5.0
TRUE,50.362,0.7088888888888889,0.4,0.13333333333333333,5.6,50.666,0.35,0.4,0.05333333333333333,3.4
FALSE,51.148,0.42666666666666664,0.8,0.2533333333333333,3.2,49.158,0.6743589743589744,0.8,0.09333333333333334,5.8
TRUE,49.702000000000005,0.5733333333333334,0.8,0.33333333333333337,5.2,50.226,0.42666666666666664,0.8,0.06666666666666667,3.8
FALSE,50.934000000000005,0.25757575757575757,0.6,0.21333333333333332,3.0,48.379999999999995,0.8416666666666668,0.8,0.06666666666666667,4.0
FALSE,50.510000000000005,0.36333333333333334,0.6,0.09333333333333334,4.2,50.727999999999994,0.6,1.0,0.21333333333333332,4.8
FALSE,49.928,0.26666666666666666,0.8,0.08,6.0,51.44,0.7276190476190476,1.0,0.2,3.0
FALSE,48.656000000000006,0.3466666666666667,0.8,0.16,4.4,49.476,0.6076190476190476,1.0,0.17333333333333334,4.6
TRUE,50.738,0.6666666666666666,0.8,0.12,4.6,49.657999999999994,0.5,0.6,0.2,4.4
TRUE,49.864,0.543030303030303,0.6,0.16,5.4,49.565999999999995,0.5333333333333333,0.2,0.12,3.6
FALSE,49.99400000000001,0.6314285714285715,1.0,0.22666666666666666,4.2,51.238,0.3980952380952381,0.6,0.13333333333333336,4.8
FALSE,49.858,0.4333333333333333,0.8,0.3866666666666666,3.2,49.54,0.5466666666666666,0.8,0.18666666666666668,5.8
TRUE,51.924,0.5399999999999999,0.8,0.2533333333333333,5.2,51.49400000000001,0.32666666666666666,0.8,0.14666666666666667,3.8
TRUE,49.104000000000006,0.3514285714285714,0.2,0.12,3.8,48.254000000000005,0.5174603174603175,0.8,0.27999999999999997,5.2
FALSE,48.86999999999999,0.3219047619047619,0.8,0.10666666666666666,4.4,49.664,0.3,1.0,0.16,4.6
TRUE,50.59400000000001,0.7933333333333333,0.8,0.18666666666666668,4.6,50.480000000000004,0.539047619047619,0.8,0.16,4.4
FALSE,49.81400000000001,0.3676190476190476,0.8,0.09333333333333334,7.0,50.044,0.66,0.8,0.10666666666666666,2.0
TRUE,50.666,0.5866666666666667,1.0,0.32,5.2,49.742000000000004,0.42000000000000004,0.8,0.14666666666666667,3.8
